kepoi_name,run_date,koi_period,koi_prad,koi_insol,koi_insol_err1,koi_insol_err2,koi_steff,koi_impact,koi_model_snr,koi_score,sunlike_host,rocky,hz_conservative_possible,koi_pdisposition
K07591.01,2026-08-24,328.32211,1.3,0.33,0.17,-0.08,4906.0,0.1169,8.2,,False,True,True,CANDIDATE
K04902.01,2026-08-24,409.38645,1.78,0.35,0.35,-0.09,4955.0,0.0706,10.3,,False,False,True,CANDIDATE
K05829.01,2026-08-24,583.8531,1.97,0.35,0.37,-0.07,5591.0,0.5925,5.4,,True,False,True,CANDIDATE
K08012.01,2026-08-24,34.573718512,0.42,0.37,0.47,-0.19,3374.0,0.22,5.7,0.989,False,True,True,CANDIDATE
K07716.01,2026-08-24,483.36405,1.27,0.39,0.24,-0.09,5700.0,0.614,8.3,0.23,True,True,True,CANDIDATE
K05545.01,2026-08-24,541.04472,1.08,0.43,0.56,-0.1,5829.0,0.2387,8.8,,True,True,True,CANDIDATE
K07923.01,2026-08-24,395.13138,0.97,0.44,0.2,-0.13,5060.0,0.45,14.4,0.75,False,True,True,CANDIDATE
K08047.01,2026-08-24,302.34971,1.98,0.44,0.12,-0.09,4829.0,0.468,8.0,0.513,False,False,True,CANDIDATE
K05556.01,2026-08-24,631.99116,1.86,0.46,0.52,-0.16,5594.0,0.2397,7.2,,True,False,True,CANDIDATE
K06151.01,2026-08-24,431.78556,1.36,0.47,0.48,-0.1,5642.0,0.196,9.4,,True,True,True,CANDIDATE
K04986.01,2026-08-24,444.04257,1.48,0.47,0.43,-0.1,5776.0,0.062,7.4,,True,True,True,CANDIDATE
K05819.01,2026-08-24,381.37504,1.24,0.48,0.5,-0.1,5513.0,0.3515,11.8,,True,True,True,CANDIDATE
K07932.01,2026-08-24,502.25648,1.03,0.51,0.33,-0.18,5637.0,0.05,8.1,0.23,True,True,True,CANDIDATE
K05135.01,2026-08-24,314.765374,2.0,0.53,0.37,-0.13,5228.0,0.158,7.5,,False,False,True,CANDIDATE
K07223.01,2026-08-24,317.062416,1.59,0.54,0.29,-0.13,5366.0,0.673,9.8,0.947,False,True,True,CANDIDATE
K07953.01,2026-08-24,432.96905,1.43,0.55,0.37,-0.14,5580.0,0.4,8.1,0.335,True,True,True,CANDIDATE
K05948.01,2026-08-24,398.51312,1.23,0.58,0.77,-0.12,5776.0,0.5091,5.9,,True,True,True,CANDIDATE
K05237.01,2026-08-24,380.39474,1.84,0.6,0.79,-0.13,5772.0,0.1094,8.6,,True,False,True,CANDIDATE
K07470.01,2026-08-24,392.50115,1.9,0.6,2.36,-0.23,5128.0,0.1835,8.9,,False,False,True,CANDIDATE
K06108.01,2026-08-24,485.92297,1.07,0.61,0.79,-0.21,5551.0,0.4516,5.5,,True,True,True,CANDIDATE
K08253.01,2026-08-24,400.11482,0.95,0.62,0.22,-0.08,5547.0,0.066,6.7,0.067,True,True,True,CANDIDATE
K05202.01,2026-08-24,535.93723,1.83,0.63,0.78,-0.17,6014.0,0.5968,8.8,,True,False,True,CANDIDATE
K05506.01,2026-08-24,641.60204,1.61,0.66,0.97,-0.18,6277.0,0.3218,10.6,,True,False,True,CANDIDATE
K06425.01,2026-08-24,521.10826,1.5,0.68,0.76,-0.22,5942.0,0.3485,8.7,,True,True,True,CANDIDATE
K07954.01,2026-08-24,372.15035,1.74,0.69,0.52,-0.18,5769.0,0.259,12.3,0.839,True,False,True,CANDIDATE
K08174.01,2026-08-24,295.06066,0.64,0.7,0.28,-0.21,5332.0,0.052,10.4,0.665,False,True,True,CANDIDATE
K05087.01,2026-08-24,651.07431,1.55,0.71,0.81,-0.32,5696.0,0.0343,7.1,,True,True,True,CANDIDATE
K05276.01,2026-08-24,220.720142,2.0,0.72,0.35,-0.2,5150.0,0.113,12.0,0.193,False,False,True,CANDIDATE
K06239.01,2026-08-24,406.496216,1.77,0.73,0.93,-0.18,5847.0,0.5052,6.9,,True,False,True,CANDIDATE
K05413.01,2026-08-24,428.379308,2.0,0.74,1.08,-0.27,5574.0,0.7102,7.4,,True,False,True,CANDIDATE
K02194.03,2026-08-24,445.21685,1.37,0.74,0.29,-0.22,5670.0,0.0,11.1,0.496,True,True,True,CANDIDATE
K07235.01,2026-08-24,299.70688,1.15,0.75,0.75,-0.16,5606.0,0.1196,8.6,,True,True,True,CANDIDATE
K08242.01,2026-08-24,331.55459,1.36,0.78,0.56,-0.19,5762.0,0.001,6.7,0.175,True,True,True,CANDIDATE
K02626.01,2026-08-24,38.0970717,1.58,0.81,0.3,-0.25,3554.0,0.953,17.0,0.999,False,True,True,CANDIDATE
K07711.01,2026-08-24,302.779824,1.31,0.87,0.66,-0.22,5734.0,0.001,12.3,0.987,True,True,True,CANDIDATE
K08048.01,2026-08-24,379.67276,1.33,0.88,0.7,-0.23,6156.0,0.302,7.9,0.334,True,True,True,CANDIDATE
K03456.02,2026-08-24,486.12702,1.18,0.91,1.0,-0.3,6008.0,0.3621,8.1,,True,True,True,CANDIDATE
K05949.01,2026-08-24,559.785594,1.88,0.92,1.28,-0.3,6201.0,0.411,7.3,,True,False,True,CANDIDATE
K07894.01,2026-08-24,347.97611,1.62,0.97,0.87,-0.27,5995.0,0.057,11.9,0.837,True,False,True,CANDIDATE
K07703.01,2026-08-24,413.51856,1.96,0.98,0.92,-0.3,6031.0,0.019,7.9,0.255,True,False,True,CANDIDATE
K05737.01,2026-08-24,376.24253,1.32,0.99,1.12,-0.28,5916.0,0.328,6.3,,True,True,True,CANDIDATE
K08085.01,2026-08-24,419.2615,1.7,1.02,0.82,-0.41,5979.0,0.5,10.1,0.416,True,False,True,CANDIDATE
K05938.01,2026-08-24,545.205601,1.66,1.03,1.92,-0.36,6273.0,0.3515,7.1,,True,False,True,CANDIDATE
K04878.01,2026-08-24,449.01499,1.04,1.04,1.1,-0.34,6031.0,0.2182,8.5,,True,True,True,CANDIDATE
K07880.01,2026-08-24,623.70774,1.81,1.05,0.8,-0.37,6626.0,0.003,10.2,0.113,False,False,True,CANDIDATE
K08272.01,2026-08-24,432.42787,1.14,1.07,1.04,-0.32,6263.0,0.716,6.0,0.12,True,True,True,CANDIDATE
K08259.01,2026-08-24,402.27493,1.73,1.11,1.0,-0.34,6299.0,0.668,11.1,0.311,True,False,True,CANDIDATE
K07554.01,2026-08-24,482.62011,1.98,1.12,1.72,-0.34,6315.0,0.1786,8.1,,True,False,True,CANDIDATE
K06676.01,2026-08-24,439.21978,1.81,1.18,1.17,-0.32,6553.0,0.2863,10.3,,False,False,True,CANDIDATE
