kepoi_name,kepler_name,change,koi_period,koi_prad,koi_insol,koi_steff,koi_tce_delivname,p_planet_2020
K00753.01,,FALSE POSITIVE → CANDIDATE,19.89913995,14.6,39.3,5853.0,q1_q17_dr25_tce,0.6559449169698508
K00760.01,Kepler-1976 b,CANDIDATE → CONFIRMED,4.959319244,12.21,349.4,5712.0,q1_q17_dr25_tce,0.859931742684839
K00799.01,,CANDIDATE → FALSE POSITIVE,1.626630225,32.43,1355.88,5735.0,q1_q17_dr25_tce,0.09118616586290136
K00804.01,Kepler-1727 b,CANDIDATE → CONFIRMED,9.02930689,2.57,77.75,5349.0,q1_q17_dr25_tce,0.9844249927978579
K00810.01,Kepler-1728 b,CANDIDATE → CONFIRMED,4.783002698,2.5,145.48,5170.0,q1_q17_dr25_tce,0.9811660201483096
K00820.01,,FALSE POSITIVE → CANDIDATE,4.64090031,30.09,421.08,6463.0,q1_q17_dr25_tce,0.006565923473546436
K00841.03,Kepler-27 d,CANDIDATE → CONFIRMED,6.54626149,2.19,101.78,5251.0,q1_q17_dr25_tce,0.9743775191365027
K00858.01,,FALSE POSITIVE → CANDIDATE,13.61014819,19.02,68.29,5697.0,q1_q17_dr25_tce,0.16855858794693604
K00871.01,,FALSE POSITIVE → CANDIDATE,12.940668656,22.94,64.64,5875.0,q1_q17_dr25_tce,0.07980666691815987
K00120.01,,CANDIDATE → FALSE POSITIVE,20.5452375,2.41,71.57,5670.0,q1_q17_dr25_tce,0.9528093771381452
K00875.01,Kepler-1729 b,CANDIDATE → CONFIRMED,4.220965778,2.62,29.68,3837.0,q1_q17_dr25_tce,0.9608075450487273
K00892.02,Kepler-716 c,CANDIDATE → CONFIRMED,3.96996298,1.78,229.37,5121.0,q1_q17_dr25_tce,0.9719779490976501
K00900.01,Kepler-1730 b,CANDIDATE → CONFIRMED,13.81020318,4.56,113.75,5942.0,q1_q17_dr25_tce,0.9064130974136527
K00145.01,,CANDIDATE → FALSE POSITIVE,102.9641952,39.0,95.4,5047.0,q1_q17_dr25_tce,0.6152854273525021
K01170.01,Kepler-1739 b,CANDIDATE → CONFIRMED,7.34373964,1.84,117.5,5757.0,q1_q17_dr25_tce,0.9566090743918524
K00970.01,,FALSE POSITIVE → CANDIDATE,3.9886021,34.39,23135.72,4813.0,q1_q17_dr25_tce,0.18038569905312918
K00972.01,,CANDIDATE → CONFIRMED,13.118962443,8.25,2310.43,7221.0,q1_q17_dr25_tce,0.9675389909454033
K00972.02,,FALSE POSITIVE → CANDIDATE,7.82187328,2.78,4601.71,7221.0,q1_q17_dr25_tce,0.8417422902655851
K01051.01,Kepler-1734 b,CANDIDATE → CONFIRMED,6.79685353,2.01,222.91,6061.0,q1_q17_dr25_tce,0.9208927633662551
K00977.01,,CANDIDATE → FALSE POSITIVE,1.353771892,430.99,136609.48,4283.0,q1_q17_dr25_tce,0.011798032352585475
K00134.01,,FALSE POSITIVE → CONFIRMED,67.5923754,12.1,28.2,6038.0,q1_q17_dr25_tce,0.8770556826073841
K01112.01,Kepler-1736 b,CANDIDATE → CONFIRMED,37.8102649,2.33,24.27,6085.0,q1_q17_dr25_tce,0.9797176537420855
K00984.01,Kepler-1973 b,CANDIDATE → CONFIRMED,4.28746668,2.29,186.31,5296.0,q1_q17_dr25_tce,0.9552247501375735
K01194.02,,FALSE POSITIVE → CANDIDATE,14.8623076,1.57,10.08,4362.0,q1_q17_dr25_tce,0.9603616611367831
K01058.01,,CANDIDATE → FALSE POSITIVE,5.670155713,5.85,3.21,3337.0,q1_q17_dr25_tce,0.3185539090127852
K01201.01,Kepler-1741 b,CANDIDATE → CONFIRMED,2.757584622,1.01,33.79,3683.0,q1_q17_dr25_tce,0.9761027273287171
K01064.01,,CANDIDATE → FALSE POSITIVE,1.187352427,67.35,6067.3,6424.0,q1_q17_dr25_tce,0.2584949451064953
K01191.01,Kepler-1740 b,CANDIDATE → CONFIRMED,8.17242644,3.29,127.95,5705.0,q1_q17_dr25_tce,0.922903640385597
K01075.01,,CANDIDATE → FALSE POSITIVE,1.343767797,18.66,11675.38,6324.0,q1_q17_dr25_tce,0.7232894637395058
K01140.01,,CANDIDATE → FALSE POSITIVE,0.553261874,97.36,43709.08,5679.0,q1_q17_dr25_tce,0.290568370780907
K00944.01,,CANDIDATE → FALSE POSITIVE,3.108251172,4.43,340.69,5330.0,q1_q17_dr25_tce,0.8205858074854242
K00945.01,Kepler-1666 b,CANDIDATE → CONFIRMED,25.8474958,2.4,48.23,6297.0,q1_q17_dr25_tce,0.9560926900821998
K00945.02,Kepler-1666 c,CANDIDATE → CONFIRMED,40.715561,2.7,26.34,6297.0,q1_q17_dr25_tce,0.9549546602640987
K01081.01,,FALSE POSITIVE → CANDIDATE,9.95639775,28.15,158.42,6161.0,q1_q17_dr25_tce,0.08510809911212872
K01082.01,Kepler-763 d,CANDIDATE → CONFIRMED,6.50327035,1.67,98.81,4999.0,q1_q17_dr25_tce,0.9487901713885811
K01082.02,Kepler-763 c,CANDIDATE → CONFIRMED,4.09667624,1.42,182.9,4999.0,q1_q17_dr25_tce,0.960347462756041
K00130.01,,CANDIDATE → FALSE POSITIVE,34.193600311,21.95,86.74,6129.0,q1_q17_dr25_tce,0.5115521220755093
K00143.01,,CANDIDATE → FALSE POSITIVE,22.65117451,7.62,126.57,6968.0,q1_q17_dr25_tce,0.4732128198168558
K01085.01,Kepler-1735 b,CANDIDATE → CONFIRMED,7.71790675,0.9,15.01,3975.0,q1_q17_dr25_tce,0.9353693771552057
K01089.02,Kepler-418 c,CANDIDATE → CONFIRMED,12.21828097,5.1,114.59,5822.0,q1_q17_dr25_tce,0.9375360181918707
K01159.01,Kepler-1737 b,CANDIDATE → CONFIRMED,64.617518,5.4,5.09,5043.0,q1_q17_dr25_tce,0.8472463878140185
K01029.01,Kepler-1732 b,CANDIDATE → CONFIRMED,32.3122867,4.84,56.49,5821.0,q1_q17_dr25_tce,0.9573606646033568
K01030.01,Kepler-1733 b,CANDIDATE → CONFIRMED,9.22961384,2.79,257.11,6320.0,q1_q17_dr25_tce,0.950351195117833
K00958.01,Kepler-1731 b,CANDIDATE → CONFIRMED,21.76129812,2.53,13.18,4859.0,q1_q17_dr25_tce,0.9845336496539607
K00959.01,,CANDIDATE → FALSE POSITIVE,12.713794177,2.31,0.26,2661.0,q1_q17_dr25_tce,0.9879586882953827
K01165.01,Kepler-783 c,CANDIDATE → CONFIRMED,7.053934488,2.36,117.33,5357.0,q1_q17_dr25_tce,0.9668181607223187
K01166.01,Kepler-1738 b,CANDIDATE → CONFIRMED,7.6746614,2.8,198.67,6063.0,q1_q17_dr25_tce,0.9663897177148075
K01360.03,Kepler-290 d,CANDIDATE → CONFIRMED,0.764017553,0.86,1503.79,5142.0,q1_q17_dr25_tce,0.5869956553301688
K01426.03,Kepler-297 d,CANDIDATE → CONFIRMED,150.0189511,32.6,2.62,5618.0,q1_q17_dr25_tce,0.06287498428792233
K01429.01,Kepler-1750 b,CANDIDATE → CONFIRMED,205.912735,4.68,1.85,5644.0,q1_q17_dr25_tce,0.9563616859240196
K01251.01,,FALSE POSITIVE → CANDIDATE,0.576078683,23.23,3647.63,5693.0,q1_q17_dr25_tce,0.08945475496609923
K01311.01,Kepler-1667 b,CANDIDATE → CONFIRMED,83.5781976,6.63,43.62,6056.0,q1_q17_dr25_tce,0.9528028488171675
K01254.01,,CANDIDATE → FALSE POSITIVE,5.082722475,4.4,296.94,5780.0,q1_q17_dr25_tce,0.7000981578957222
K01255.01,,FALSE POSITIVE → CANDIDATE,78.9257421,11.9,5.94,5750.0,q1_q17_dr25_tce,0.842320747839018
K01316.01,Kepler-1743 b,CANDIDATE → CONFIRMED,7.64970832,1.43,404.99,5855.0,q1_q17_dr25_tce,0.9701963046519669
K01369.01,Kepler-1745 b,CANDIDATE → CONFIRMED,3.016182013,2.25,1044.49,5611.0,q1_q17_dr25_tce,0.9289703098728588
K01437.01,Kepler-1751 b,CANDIDATE → CONFIRMED,7.01733571,1.61,221.46,6052.0,q1_q17_dr25_tce,0.8555083585767446
K01258.03,Kepler-281 d,CANDIDATE → CONFIRMED,148.272013,4.3,2.51,5717.0,q1_q17_dr25_tce,0.9446086989481919
K01375.01,Kepler-1746 b,CANDIDATE → CONFIRMED,321.2124365,7.25,2.17,6018.0,q1_q17_dr25_tce,0.96496678730206
K01261.02,Kepler-799 c,CANDIDATE → CONFIRMED,15.19423359,3.69,150.25,5588.0,q1_q17_dr25_tce,0.9742474451414664
K01448.01,,CANDIDATE → FALSE POSITIVE,2.48658617,24.39,1077.69,5892.0,q1_q17_dr25_tce,0.32630669011265734
K01455.01,,FALSE POSITIVE → CANDIDATE,15.068060768,16.43,71.78,5982.0,q1_q17_dr25_tce,0.05942766359115824
K01276.01,Kepler-1991 c,CANDIDATE → CONFIRMED,22.79020351,2.57,38.27,5478.0,q1_q17_dr25_tce,0.9837636826435362
K01276.02,Kepler-1991 b,CANDIDATE → CONFIRMED,13.26079792,1.47,78.79,5478.0,q1_q17_dr25_tce,0.9729576073446952
K01336.04,Kepler-58 e,CANDIDATE → CONFIRMED,4.45814897,1.61,511.6,6100.0,q1_q17_dr25_tce,0.8041252691651245
K01395.01,Kepler-1747 b,CANDIDATE → CONFIRMED,6.230335,3.7,138.33,5477.0,q1_q17_dr25_tce,0.9792341227120283
K01398.01,Kepler-1748 b,CANDIDATE → CONFIRMED,5.82348911,3.0,196.33,5774.0,q1_q17_dr25_tce,0.9724831043497317
K01281.01,Kepler-1742 b,CANDIDATE → CONFIRMED,49.4781446,1.88,10.73,5776.0,q1_q17_dr25_tce,0.9448561095400019
K01408.01,Kepler-1749 b,CANDIDATE → CONFIRMED,14.53410833,1.36,7.34,3957.0,q1_q17_dr25_tce,0.9872137959273157
K00160.01,,CANDIDATE → FALSE POSITIVE,13.73808249,3.84,163.52,6375.0,q1_q17_dr25_tce,0.7326640404752229
K01225.01,,FALSE POSITIVE → CANDIDATE,1.714274727,25.0,110.02,3874.0,q1_q17_dr25_tce,0.18739123701026011
K01296.01,,CANDIDATE → FALSE POSITIVE,2.380862632,21.65,1133.0,5821.0,q1_q17_dr25_tce,0.3940889520000771
K01358.01,Kepler-1987 d,CANDIDATE → CONFIRMED,5.644914154,2.66,72.38,4769.0,q1_q17_dr25_tce,0.9765091307129585
K01358.02,Kepler-1987 e,CANDIDATE → CONFIRMED,8.74292005,1.92,40.33,4769.0,q1_q17_dr25_tce,0.9507816110492663
K01358.03,Kepler-1987 c,CANDIDATE → CONFIRMED,3.64830183,1.33,129.44,4769.0,q1_q17_dr25_tce,0.9701341471123404
K01358.04,Kepler-1987 b,CANDIDATE → CONFIRMED,2.345863002,1.23,233.38,4769.0,q1_q17_dr25_tce,0.9297783499969734
K01359.01,Kepler-1744 b,CANDIDATE → CONFIRMED,37.1011418,3.19,18.95,5986.0,q1_q17_dr25_tce,0.9839688266438739
K01602.01,Kepler-1758 b,CANDIDATE → CONFIRMED,9.97716876,2.53,263.89,5557.0,q1_q17_dr25_tce,0.9712868118342691
K01715.01,Kepler-1766 b,CANDIDATE → CONFIRMED,105.0145774,2.29,6.44,5868.0,q1_q17_dr25_tce,0.9576621470002482
K01489.01,Kepler-1753 b,CANDIDATE → CONFIRMED,16.00460392,2.24,27.41,5180.0,q1_q17_dr25_tce,0.9708496172618971
K01720.01,Kepler-1767 b,CANDIDATE → CONFIRMED,59.6585348,3.59,5.66,5243.0,q1_q17_dr25_tce,0.9064788049716347
K01494.01,Kepler-1754 b,CANDIDATE → CONFIRMED,8.19596647,2.04,48.2,4723.0,q1_q17_dr25_tce,0.955998277466074
K01560.01,,FALSE POSITIVE → CANDIDATE,31.56904354,11.18,25.83,5654.0,q1_q17_dr25_tce,0.6868245468508244
K01728.01,,CANDIDATE → FALSE POSITIVE,12.7319385,70.11,405.75,7238.0,q1_q17_dr25_tce,0.04850044482678245
K01498.02,Kepler-864 c,CANDIDATE → CONFIRMED,2.42150341,1.62,1305.04,6213.0,q1_q17_dr25_tce,0.45443652531811424
K01499.03,Kepler-865 c,CANDIDATE → CONFIRMED,6.20920207,0.89,164.98,5440.0,q1_q17_dr25_tce,0.9540118178396764
K01563.03,Kepler-305 e,CANDIDATE → CONFIRMED,3.20539622,1.7,236.11,5103.0,q1_q17_dr25_tce,0.9422935767487766
K01230.01,,CANDIDATE → FALSE POSITIVE,165.739861,57.54,54.1,5019.0,q1_q17_dr25_tce,0.5696234451109813
K01627.02,Kepler-913 c,CANDIDATE → CONFIRMED,5.93919041,3.7,801.92,6068.0,q1_q17_dr25_tce,0.9365872394450613
K01738.01,Kepler-1671 b,CANDIDATE → CONFIRMED,4.16787814,1.07,202.48,5251.0,q1_q17_dr25_tce,0.9860652702381043
K01747.01,,CANDIDATE → FALSE POSITIVE,20.55848388,36.9,35.76,5578.0,q1_q17_dr25_tce,0.7735850934759547
K01773.01,,FALSE POSITIVE → CANDIDATE,83.09708021,13.83,2.78,5286.0,q1_q17_dr25_tce,0.06220136618487791
K00182.01,,CANDIDATE → FALSE POSITIVE,3.479425638,12.86,435.85,5907.0,q1_q17_dr25_tce,0.5450589329091364
K01573.01,Kepler-1755 b,CANDIDATE → CONFIRMED,24.81097206,4.22,37.43,6086.0,q1_q17_dr25_tce,0.9842356557759133
K01646.01,Kepler-1759 b,CANDIDATE → CONFIRMED,3.72020708,0.99,195.7,5017.0,q1_q17_dr25_tce,0.9447497275056771
K01754.01,Kepler-1768 b,CANDIDATE → CONFIRMED,15.13590453,2.57,179.16,6050.0,q1_q17_dr25_tce,0.9682135416337364
K01648.01,Kepler-1760 b,CANDIDATE → CONFIRMED,38.3262237,2.43,12.56,5229.0,q1_q17_dr25_tce,0.9618162806737168
K01649.01,Kepler-1761 b,CANDIDATE → CONFIRMED,4.04355245,1.75,33.34,3871.0,q1_q17_dr25_tce,0.9064672897065524
K01761.01,,CANDIDATE → FALSE POSITIVE,10.12742274,3.8,208.77,6392.0,q1_q17_dr25_tce,0.9239816547102423
K00177.01,Kepler-1711 b,CANDIDATE → CONFIRMED,21.06075303,1.78,47.39,5706.0,q1_q17_dr25_tce,0.9821248363730796
K01581.01,Kepler-896 c,CANDIDATE → CONFIRMED,29.5422566,3.15,16.56,5510.0,q1_q17_dr25_tce,0.3850564891550465
K01659.01,Kepler-1762 b,CANDIDATE → CONFIRMED,29.5390897,2.51,61.49,6572.0,q1_q17_dr25_tce,0.9390993703278208
K01587.01,,FALSE POSITIVE → CANDIDATE,52.971584,29.02,6.19,5204.0,q1_q17_dr25_tce,0.15133166232507073
K01465.01,,FALSE POSITIVE → CANDIDATE,9.771462706,10.15,96.39,5812.0,q1_q17_dr25_tce,0.6110717113741478
K00191.02,Kepler-487 d,CANDIDATE → CONFIRMED,2.418406841,2.25,535.84,5422.0,q1_q17_dr25_tce,0.983350058587726
K01470.01,Kepler-1668 b,CANDIDATE → CONFIRMED,15.43400996,4.3,63.79,5900.0,q1_q17_dr25_tce,0.9617668424740045
K01539.01,,CANDIDATE → FALSE POSITIVE,2.819453322,29.8,803.4,5767.0,q1_q17_dr25_tce,0.24666122333955562
K00185.01,,FALSE POSITIVE → CANDIDATE,23.210509958,21.19,29.69,5875.0,q1_q17_dr25_tce,0.0471541953370347
K01590.02,Kepler-1756 b,CANDIDATE → CONFIRMED,2.35574505,1.34,338.4,4915.0,q1_q17_dr25_tce,0.9264382235046982
K01591.01,Kepler-1757 b,CANDIDATE → CONFIRMED,19.65639342,2.83,21.5,5288.0,q1_q17_dr25_tce,0.95509376880031
K01685.01,Kepler-1764 b,CANDIDATE → CONFIRMED,70.468171,3.46,16.17,6461.0,q1_q17_dr25_tce,0.9483658071125012
K01475.01,Kepler-1669 c,CANDIDATE → CONFIRMED,1.609321941,1.57,199.28,4224.0,q1_q17_dr25_tce,0.9438574332912392
K01475.02,Kepler-1669 b,CANDIDATE → CONFIRMED,9.51220046,1.99,18.66,4224.0,q1_q17_dr25_tce,0.9685342794197472
K01475.03,Kepler-1669 d,CANDIDATE → CONFIRMED,4.72941177,1.22,47.3,4224.0,q1_q17_dr25_tce,0.9445898796176158
K01541.01,,CANDIDATE → FALSE POSITIVE,2.379282197,25.74,1442.19,6392.0,q1_q17_dr25_tce,0.21885901962314006
K01693.01,,CANDIDATE → FALSE POSITIVE,3.403743926,10.77,346.98,5596.0,q1_q17_dr25_tce,0.3554553992630928
K01701.01,,CANDIDATE → FALSE POSITIVE,2.43902575,2.61,6700.04,6546.0,q1_q17_dr25_tce,0.2727007201918974
K01476.01,Kepler-1752 b,CANDIDATE → CONFIRMED,56.3587987,5.04,7.29,5446.0,q1_q17_dr25_tce,0.6499072771894192
K01545.01,,CANDIDATE → FALSE POSITIVE,5.910371418,12.62,290.83,6200.0,q1_q17_dr25_tce,0.9280912319260839
K01704.01,Kepler-1765 b,CANDIDATE → CONFIRMED,10.4188915,3.17,126.48,5692.0,q1_q17_dr25_tce,0.9848887811832451
K01705.01,Kepler-1670 b,CANDIDATE → CONFIRMED,20.4998763,2.8,67.67,6249.0,q1_q17_dr25_tce,0.937418239021393
K01549.01,,FALSE POSITIVE → CANDIDATE,29.481061268,16.61,25.1,5631.0,q1_q17_dr25_tce,0.14501443546020024
K01599.01,Kepler-1659 c,CANDIDATE → CONFIRMED,20.4074846,2.9,44.8,5823.0,q1_q17_dr25_tce,0.8176440685664244
K01892.01,Kepler-1674 b,CANDIDATE → CONFIRMED,62.5613879,3.54,7.13,5662.0,q1_q17_dr25_tce,0.9616882525946362
K02037.01,Kepler-1995 b,CANDIDATE → CONFIRMED,73.7578875,4.28,4.66,5029.0,q1_q17_dr25_tce,0.9799904495576772
K01831.03,Kepler-324 d,CANDIDATE → CONFIRMED,34.205785079,1.1,11.67,5191.0,q1_q17_dr25_tce,0.9369951517499446
K01831.04,Kepler-324 e,CANDIDATE → CONFIRMED,13.97945055,1.97,38.44,5191.0,q1_q17_dr25_tce,0.9450113403979545
K01897.01,Kepler-1774 b,CANDIDATE → CONFIRMED,59.7711433,3.17,17.53,6214.0,q1_q17_dr25_tce,0.9680302635688456
K01968.01,Kepler-1778 b,CANDIDATE → CONFIRMED,10.08744556,3.15,186.14,6310.0,q1_q17_dr25_tce,0.9465381448986047
K01969.01,Kepler-1779 b,CANDIDATE → CONFIRMED,16.34355902,3.26,67.34,5730.0,q1_q17_dr25_tce,0.9766352602564016
K02039.01,Kepler-1067 c,CANDIDATE → CONFIRMED,5.42586901,1.48,211.66,5594.0,q1_q17_dr25_tce,0.9763306496692516
K02040.01,Kepler-1785 b,CANDIDATE → CONFIRMED,19.58561177,3.09,46.51,5618.0,q1_q17_dr25_tce,0.9545154907497937
K01901.01,Kepler-1775 b,CANDIDATE → CONFIRMED,85.6542476,3.56,17.51,5818.0,q1_q17_dr25_tce,0.9730694307019195
K02043.01,Kepler-1786 b,CANDIDATE → CONFIRMED,78.5461106,3.55,14.85,5808.0,q1_q17_dr25_tce,0.9937124264732529
K01974.01,Kepler-1780 b,CANDIDATE → CONFIRMED,109.4450597,3.04,3.14,5403.0,q1_q17_dr25_tce,0.9775996200908468
K01842.01,Kepler-1770 b,CANDIDATE → CONFIRMED,16.84183355,3.08,56.43,5602.0,q1_q17_dr25_tce,0.9837518359551776
K01982.01,Kepler-1781 b,CANDIDATE → CONFIRMED,4.88753111,2.45,239.11,5568.0,q1_q17_dr25_tce,0.958707636843017
K02060.01,Kepler-1788 b,CANDIDATE → CONFIRMED,2.800111267,2.13,197.81,4786.0,q1_q17_dr25_tce,0.9726107997490201
K01845.02,Kepler-975 c,CANDIDATE → CONFIRMED,5.05821338,10.69,439.8,4883.0,q1_q17_dr25_tce,0.8004611738105161
K01984.01,Kepler-1677 b,CANDIDATE → CONFIRMED,22.06402,2.67,60.81,6232.0,q1_q17_dr25_tce,0.9632352491341334
K01985.01,Kepler-1782 b,CANDIDATE → CONFIRMED,5.756245244,2.24,84.16,4931.0,q1_q17_dr25_tce,0.9858742543724064
K02056.01,Kepler-1787 b,CANDIDATE → CONFIRMED,39.3135699,2.07,20.04,6060.0,q1_q17_dr25_tce,0.9762248965510653
K01857.01,Kepler-1771 b,CANDIDATE → CONFIRMED,88.6440015,2.51,5.51,5661.0,q1_q17_dr25_tce,0.9810204490623282
K01917.01,Kepler-1776 b,CANDIDATE → CONFIRMED,35.01190875,2.97,31.35,5872.0,q1_q17_dr25_tce,0.9833988489293009
K02001.01,Kepler-1783 b,CANDIDATE → CONFIRMED,8.27745764,2.46,331.35,5129.0,q1_q17_dr25_tce,0.857420915831381
K02066.01,Kepler-1678 b,CANDIDATE → CONFIRMED,147.97391,3.33,2.78,5578.0,q1_q17_dr25_tce,0.9823833960783649
K01860.03,Kepler-416 d,CANDIDATE → CONFIRMED,3.07644709,1.61,583.25,5670.0,q1_q17_dr25_tce,0.9279490181503691
K01924.01,,CANDIDATE → FALSE POSITIVE,2.11913005,1.35,4512.1,5799.0,q1_q17_dr25_tce,0.15777005653111376
K01928.01,Kepler-1675 b,CANDIDATE → CONFIRMED,63.0380366,2.59,11.1,5798.0,q1_q17_dr25_tce,0.9742420155599496
K01783.01,Kepler-1662 b,CANDIDATE → CONFIRMED,134.4785189,10.52,6.81,5791.0,q1_q17_dr25_tce,0.8729550715891315
K01863.01,Kepler-1673 b,CANDIDATE → CONFIRMED,33.7888028,2.71,33.01,6202.0,q1_q17_dr25_tce,0.9819678254939891
K01864.01,Kepler-1772 b,CANDIDATE → CONFIRMED,3.215109385,1.54,421.21,5541.0,q1_q17_dr25_tce,0.7825992480996911
K00210.01,,FALSE POSITIVE → CANDIDATE,20.92735802,17.36,69.08,6126.0,q1_q17_dr25_tce,0.11465531206101379
K02014.01,,CANDIDATE → FALSE POSITIVE,2.466070972,24.3,595.8,5708.0,q1_q17_dr25_tce,0.12860924173524527
K01871.01,Kepler-1996 c,CANDIDATE → CONFIRMED,92.7297248,2.81,1.38,4580.0,q1_q17_dr25_tce,0.9762791949939666
K01942.01,Kepler-1978 b,CANDIDATE → CONFIRMED,10.84969477,2.67,49.3,5251.0,q1_q17_dr25_tce,0.9792515522350336
K01944.01,Kepler-1777 b,CANDIDATE → CONFIRMED,12.18420006,2.59,106.52,5771.0,q1_q17_dr25_tce,0.9737741385689613
K02023.01,Kepler-1784 b,CANDIDATE → CONFIRMED,13.59051547,2.4,64.8,5442.0,q1_q17_dr25_tce,0.9824754528989728
K01808.01,Kepler-1769 b,CANDIDATE → CONFIRMED,89.1935737,3.81,12.83,6071.0,q1_q17_dr25_tce,0.9861583621500121
K01878.01,Kepler-1773 b,CANDIDATE → CONFIRMED,40.80957343,3.44,35.68,6183.0,q1_q17_dr25_tce,0.9466843888110511
K01884.01,,FALSE POSITIVE → CANDIDATE,23.11707222,4.37,21.26,5275.0,q1_q17_dr25_tce,0.9306010435096507
K01822.01,Kepler-1672 b,CANDIDATE → CONFIRMED,150.8783198,4.37,7.56,5504.0,q1_q17_dr25_tce,0.9825194221536119
K01889.02,Kepler-1001 c,CANDIDATE → CONFIRMED,9.18189122,2.17,98.61,5741.0,q1_q17_dr25_tce,0.8668842269728694
K02250.01,Kepler-1814 b,CANDIDATE → CONFIRMED,2.935362067,3.15,258.48,4922.0,q1_q17_dr25_tce,0.9756011592369653
K00239.02,Kepler-501 c,CANDIDATE → CONFIRMED,3.62275506,1.62,683.84,5794.0,q1_q17_dr25_tce,0.9835316604814202
K02174.02,Kepler-1802 c,CANDIDATE → CONFIRMED,33.1362861,2.05,3.86,4245.0,q1_q17_dr25_tce,0.934387542557068
K02174.03,Kepler-1802 b,CANDIDATE → CONFIRMED,7.72513619,1.71,26.91,4245.0,q1_q17_dr25_tce,0.9552323775898639
K02259.01,Kepler-1815 b,CANDIDATE → CONFIRMED,12.19140405,2.46,80.01,5516.0,q1_q17_dr25_tce,0.984970422297833
K02343.01,,FALSE POSITIVE → CANDIDATE,29.0726293,2.32,33.69,5799.0,q1_q17_dr25_tce,0.9560081379716798
K02106.01,Kepler-1679 b,CANDIDATE → CONFIRMED,9.75374033,1.87,103.3,5806.0,q1_q17_dr25_tce,0.9051272081414137
K02263.01,Kepler-1165 c,CANDIDATE → CONFIRMED,29.9685917,1.91,40.76,6249.0,q1_q17_dr25_tce,0.9552016100147249
K02181.01,Kepler-1804 b,CANDIDATE → CONFIRMED,12.2885046,3.22,164.61,5109.0,q1_q17_dr25_tce,0.9636633601532504
K02272.01,,FALSE POSITIVE → CANDIDATE,1.34145255,1.31,19568.74,7495.0,q1_q17_dr25_tce,0.047610625735270834
K02351.01,Kepler-1828 b,CANDIDATE → CONFIRMED,10.27380957,1.68,96.27,5806.0,q1_q17_dr25_tce,0.885473473755885
K02352.03,Kepler-381 d,CANDIDATE → CONFIRMED,8.2562857,1.49,874.56,6197.0,q1_q17_dr25_tce,0.8599878052751281
K02117.01,Kepler-1795 b,CANDIDATE → CONFIRMED,13.36019864,1.84,17.3,4500.0,q1_q17_dr25_tce,0.9741596592682
K02191.01,Kepler-1805 b,CANDIDATE → CONFIRMED,8.84784273,1.15,12.48,3867.0,q1_q17_dr25_tce,0.9789395373883277
K02358.01,Kepler-1830 b,CANDIDATE → CONFIRMED,56.4931698,4.43,50.79,6160.0,q1_q17_dr25_tce,0.969989207002603
K02361.01,Kepler-1831 b,CANDIDATE → CONFIRMED,5.78387049,2.07,288.69,6063.0,q1_q17_dr25_tce,0.9617173674791143
K02120.01,Kepler-1680 b,CANDIDATE → CONFIRMED,8.77425786,1.75,83.63,5146.0,q1_q17_dr25_tce,0.9747963073113088
K02123.01,Kepler-1796 b,CANDIDATE → CONFIRMED,29.4557841,2.19,30.3,6036.0,q1_q17_dr25_tce,0.9715028335390861
K02125.01,Kepler-1797 b,CANDIDATE → CONFIRMED,23.3593589,2.98,51.68,6244.0,q1_q17_dr25_tce,0.9387572403029301
K02204.01,Kepler-1807 b,CANDIDATE → CONFIRMED,10.86062378,2.09,356.24,6455.0,q1_q17_dr25_tce,0.8523655756794905
K02353.01,Kepler-1829 b,CANDIDATE → CONFIRMED,5.186737262,2.4,129.37,5230.0,q1_q17_dr25_tce,0.9573375846574546
K02130.01,Kepler-1798 b,CANDIDATE → CONFIRMED,16.85592593,1.7,6.52,3967.0,q1_q17_dr25_tce,0.949729057114935
K02132.01,Kepler-1681 b,CANDIDATE → CONFIRMED,69.8956789,3.04,8.99,5390.0,q1_q17_dr25_tce,0.9880936109120295
K02290.01,Kepler-1816 b,CANDIDATE → CONFIRMED,91.500873,1.82,2.18,5051.0,q1_q17_dr25_tce,0.9741362553125114
K02291.01,Kepler-1817 b,CANDIDATE → CONFIRMED,44.2993483,2.68,10.85,5316.0,q1_q17_dr25_tce,0.9813970088131038
K02363.01,Kepler-1832 b,CANDIDATE → CONFIRMED,3.13877646,0.97,257.32,5242.0,q1_q17_dr25_tce,0.9365772999216138
K02364.01,,FALSE POSITIVE → CANDIDATE,5.24242029,3.86,825.0,5383.0,q1_q17_dr25_tce,0.7703194819288169
K02367.01,Kepler-1833 b,CANDIDATE → CONFIRMED,6.89213244,1.35,454.45,6164.0,q1_q17_dr25_tce,0.9095856577688801
K02216.01,Kepler-1808 b,CANDIDATE → CONFIRMED,23.34036251,2.21,30.94,5530.0,q1_q17_dr25_tce,0.9655822979576612
K02293.01,Kepler-1683 b,CANDIDATE → CONFIRMED,15.03366411,1.7,47.32,5523.0,q1_q17_dr25_tce,0.9775285305761627
K02219.01,Kepler-1809 b,CANDIDATE → CONFIRMED,3.757294695,1.23,139.89,4901.0,q1_q17_dr25_tce,0.9267421118465697
K02297.01,Kepler-1818 b,CANDIDATE → CONFIRMED,4.64495172,1.38,504.23,6047.0,q1_q17_dr25_tce,0.9490383150313666
K02299.01,Kepler-1819 b,CANDIDATE → CONFIRMED,16.48686712,27.45,78.99,6090.0,q1_q17_dr25_tce,0.9214451166836013
K02305.01,Kepler-1820 b,CANDIDATE → CONFIRMED,31.0325991,2.64,23.41,5841.0,q1_q17_dr25_tce,0.8998755723703648
K02307.01,,CANDIDATE → FALSE POSITIVE,4.150297119,3.03,218.44,5290.0,q1_q17_dr25_tce,0.9621801170274282
K00221.02,Kepler-495 c,CANDIDATE → CONFIRMED,5.89661966,1.28,237.1,5392.0,q1_q17_dr25_tce,0.9787375189263208
K02076.01,Kepler-1085 c,CANDIDATE → CONFIRMED,56.7769831,3.21,13.74,6063.0,q1_q17_dr25_tce,0.9802964759490217
K02150.01,Kepler-1979 b,CANDIDATE → CONFIRMED,18.5084526,29.33,51.32,5942.0,q1_q17_dr25_tce,0.13882049224313414
K02310.01,Kepler-1821 b,CANDIDATE → CONFIRMED,16.4581861,1.82,40.61,5475.0,q1_q17_dr25_tce,0.9842889175939604
K02082.01,Kepler-1790 b,CANDIDATE → CONFIRMED,31.5888979,2.59,51.02,5866.0,q1_q17_dr25_tce,0.9865550190485626
K02154.01,Kepler-1799 b,CANDIDATE → CONFIRMED,11.92979348,2.43,83.04,5831.0,q1_q17_dr25_tce,0.9699254116452161
K02229.01,Kepler-1682 b,CANDIDATE → CONFIRMED,14.83340944,2.54,54.74,5570.0,q1_q17_dr25_tce,0.9692269727290843
K02232.01,Kepler-1810 b,CANDIDATE → CONFIRMED,101.1323475,3.87,4.91,5492.0,q1_q17_dr25_tce,0.9833151963859383
K02315.01,Kepler-1822 b,CANDIDATE → CONFIRMED,22.1334224,1.76,15.65,5165.0,q1_q17_dr25_tce,0.949527538145077
K02083.01,Kepler-1791 b,CANDIDATE → CONFIRMED,7.72085047,2.53,257.14,5887.0,q1_q17_dr25_tce,0.9516095292569833
K02084.01,Kepler-1792 b,CANDIDATE → CONFIRMED,4.19577385,3.02,283.78,5229.0,q1_q17_dr25_tce,0.9669669777019292
K02158.01,Kepler-1800 b,CANDIDATE → CONFIRMED,4.5620407,2.82,1306.97,5343.0,q1_q17_dr25_tce,0.8566427807458801
K02237.01,Kepler-1811 b,CANDIDATE → CONFIRMED,76.421501,2.81,10.11,5561.0,q1_q17_dr25_tce,0.9884386218090278
K02319.01,Kepler-1823 b,CANDIDATE → CONFIRMED,21.1033014,1.56,62.99,6000.0,q1_q17_dr25_tce,0.9587012092487426
K02321.01,Kepler-1824 b,CANDIDATE → CONFIRMED,95.6114617,2.37,7.45,6002.0,q1_q17_dr25_tce,0.9757623836003335
K02091.01,Kepler-1793 b,CANDIDATE → CONFIRMED,8.77997349,2.12,61.24,5191.0,q1_q17_dr25_tce,0.9616025039772983
K02325.01,Kepler-1825 b,CANDIDATE → CONFIRMED,1.025857984,1.57,1264.7,5123.0,q1_q17_dr25_tce,0.5155766850628938
K02329.01,Kepler-1826 b,CANDIDATE → CONFIRMED,1.615357809,1.37,99.32,3821.0,q1_q17_dr25_tce,0.9736910172516502
K02094.01,Kepler-1090 c,CANDIDATE → CONFIRMED,42.4269647,3.44,14.33,5330.0,q1_q17_dr25_tce,0.9389697028573075
K02169.02,Kepler-1130 c,CANDIDATE → CONFIRMED,3.26662733,0.68,312.85,5450.0,q1_q17_dr25_tce,0.7051279454977653
K02248.01,Kepler-1813 b,CANDIDATE → CONFIRMED,2.81814715,1.3,298.2,5167.0,q1_q17_dr25_tce,0.8645226080708688
K02332.01,Kepler-1827 b,CANDIDATE → CONFIRMED,3.70063251,1.24,737.02,5423.0,q1_q17_dr25_tce,0.8974920959374321
K02096.01,Kepler-1794 b,CANDIDATE → CONFIRMED,9.76293284,1.94,57.59,5052.0,q1_q17_dr25_tce,0.9726023900539014
K02169.03,Kepler-1130 d,CANDIDATE → CONFIRMED,4.27226421,0.64,218.63,5450.0,q1_q17_dr25_tce,0.8517303384268753
K02172.01,Kepler-1801 b,CANDIDATE → CONFIRMED,10.44087398,3.41,111.52,5738.0,q1_q17_dr25_tce,0.9758013826886198
K00253.02,Kepler-2000 c,CANDIDATE → CONFIRMED,20.6180348,1.57,3.92,3757.0,q1_q17_dr25_tce,0.8633340598785695
K02636.01,Kepler-1864 b,CANDIDATE → CONFIRMED,3.88148385,0.59,423.0,5854.0,q1_q17_dr25_tce,0.9511574999313319
K02410.01,,CANDIDATE → FALSE POSITIVE,186.65435483,,,,,0.4227080598396252
K02410.02,,CANDIDATE → FALSE POSITIVE,86.59322294,,,,,0.38692258097928645
K02411.01,Kepler-1835 b,CANDIDATE → CONFIRMED,11.96407399,3.21,100.96,5903.0,q1_q17_dr25_tce,0.9797807437510435
K02559.01,Kepler-1686 b,CANDIDATE → CONFIRMED,9.30991834,1.21,164.38,5806.0,q1_q17_dr25_tce,0.9094374042818167
K02638.01,Kepler-1865 b,CANDIDATE → CONFIRMED,2.524017517,1.5,495.14,5420.0,q1_q17_dr25_tce,0.9319290267478828
K02415.01,Kepler-1836 b,CANDIDATE → CONFIRMED,5.25419589,2.12,338.15,6123.0,q1_q17_dr25_tce,0.9180452515736406
K02416.01,Kepler-1837 b,CANDIDATE → CONFIRMED,5.90608902,1.77,247.83,5966.0,q1_q17_dr25_tce,0.8788212298895131
K00247.01,Kepler-1712 b,CANDIDATE → CONFIRMED,13.81504449,1.91,5.52,3732.0,q1_q17_dr25_tce,0.9916841115508761
K02489.01,Kepler-1844 b,CANDIDATE → CONFIRMED,3.92453009,1.82,314.25,5776.0,q1_q17_dr25_tce,0.682301206167273
K02490.01,Kepler-1845 b,CANDIDATE → CONFIRMED,11.60653061,1.88,27.47,4703.0,q1_q17_dr25_tce,0.9278165004211897
K02417.01,Kepler-1684 b,CANDIDATE → CONFIRMED,47.7052566,2.89,3.42,4551.0,q1_q17_dr25_tce,0.9757767356622289
K02573.01,,CANDIDATE → FALSE POSITIVE,1.347512632,23.45,775.18,5316.0,q1_q17_dr25_tce,0.08568498012560159
K02503.01,Kepler-1846 b,CANDIDATE → CONFIRMED,14.8200596,0.96,21.92,4825.0,q1_q17_dr25_tce,0.9631089338234248
K02504.01,Kepler-1685 b,CANDIDATE → CONFIRMED,20.49041,2.34,36.01,5681.0,q1_q17_dr25_tce,0.9808068563002277
K02507.01,Kepler-1847 b,CANDIDATE → CONFIRMED,11.1296971,1.93,119.44,6122.0,q1_q17_dr25_tce,0.8820953381475776
K02579.01,Kepler-1859 b,CANDIDATE → CONFIRMED,2.7296036,1.53,1056.15,5887.0,q1_q17_dr25_tce,0.8045923982052536
K02581.01,Kepler-1860 b,CANDIDATE → CONFIRMED,12.7372371,0.87,55.82,5420.0,q1_q17_dr25_tce,0.9459101951058587
K02582.01,Kepler-1861 b,CANDIDATE → CONFIRMED,40.0306267,2.01,34.19,5855.0,q1_q17_dr25_tce,0.9820280894435329
K02671.01,,FALSE POSITIVE → CANDIDATE,21.47642727,59.5,43.52,5780.0,q1_q17_dr25_tce,0.0022791532096405774
K02508.01,,FALSE POSITIVE → CANDIDATE,7.10397925,1.51,105.84,5488.0,q1_q17_dr25_tce,0.9391843069127008
K02583.01,Kepler-1998 b,CANDIDATE → CONFIRMED,3.03267135,0.6,468.31,5640.0,q1_q17_dr25_tce,0.908077718319141
K02588.01,Kepler-1687 b,CANDIDATE → CONFIRMED,5.77957133,1.5,30.22,4102.0,q1_q17_dr25_tce,0.943528441564679
K02658.01,Kepler-1866 b,CANDIDATE → CONFIRMED,11.6601667,2.08,114.36,5791.0,q1_q17_dr25_tce,0.8728292855470057
K02435.01,,CANDIDATE → FALSE POSITIVE,6.80243431,2.6,151.72,5836.0,q1_q17_dr25_tce,0.6330379729803579
K02513.01,Kepler-2002 b,CANDIDATE → CONFIRMED,19.0054098,28.47,78.19,6347.0,q1_q17_dr25_tce,0.48742819101963436
K00004.01,Kepler-1658 b,CANDIDATE → CONFIRMED,3.849371737,12.94,4055.29,6244.0,q1_q17_dr25_tce,0.18233260212281135
K02674.01,Kepler-1311 d,CANDIDATE → CONFIRMED,197.5111484,9.52,5.54,5616.0,q1_q17_dr25_tce,0.9106828430087324
K02521.02,Kepler-1266 c,CANDIDATE → CONFIRMED,4.86634094,1.94,142.39,4996.0,q1_q17_dr25_tce,0.9780756280279851
K02522.01,Kepler-1848 b,CANDIDATE → CONFIRMED,5.60402307,1.25,84.65,4847.0,q1_q17_dr25_tce,0.9382677424945762
K02525.01,Kepler-1849 b,CANDIDATE → CONFIRMED,57.2932309,1.95,3.76,4806.0,q1_q17_dr25_tce,0.9339293358175783
K02527.01,Kepler-1850 b,CANDIDATE → CONFIRMED,1.385787741,0.55,245.15,4239.0,q1_q17_dr25_tce,0.6560109276614069
K02528.01,Kepler-1851 b,CANDIDATE → CONFIRMED,12.02295362,3.28,85.78,5982.0,q1_q17_dr25_tce,0.9687935246537951
K02532.01,Kepler-1852 b,CANDIDATE → CONFIRMED,7.9709719,2.27,79.1,5237.0,q1_q17_dr25_tce,0.9488574870438764
K02384.01,,FALSE POSITIVE → CANDIDATE,62.6825769,39.8,166.36,7058.0,q1_q17_dr25_tce,0.20800559543236682
K02462.01,Kepler-1838 b,CANDIDATE → CONFIRMED,12.14684625,1.75,342.49,5877.0,q1_q17_dr25_tce,0.9192356574700027
K02535.01,Kepler-1853 b,CANDIDATE → CONFIRMED,48.8882668,2.96,5.23,4821.0,q1_q17_dr25_tce,0.9068009333518322
K02538.01,Kepler-1854 b,CANDIDATE → CONFIRMED,39.8312536,1.46,7.33,5026.0,q1_q17_dr25_tce,0.947338067064791
K00252.01,Kepler-1663 b,CANDIDATE → CONFIRMED,17.60461401,2.64,4.07,3744.0,q1_q17_dr25_tce,0.9483911871337635
K00242.01,Kepler-503 b,CONFIRMED → FALSE POSITIVE,7.258450123,5.53,141.3,5638.0,q1_q17_dr25_tce,0.9688396046866748
K02542.01,Kepler-1855 b,CANDIDATE → CONFIRMED,0.727331746,0.67,122.92,3460.0,q1_q17_dr25_tce,0.9107841120883708
K02543.01,Kepler-1856 b,CANDIDATE → CONFIRMED,1.302017467,1.37,772.73,4948.0,q1_q17_dr25_tce,0.8639497651350054
K02620.01,Kepler-1862 b,CANDIDATE → CONFIRMED,16.0573291,2.27,41.04,5644.0,q1_q17_dr25_tce,0.9124355995493107
K02393.01,Kepler-1834 b,CANDIDATE → CONFIRMED,4.60300256,1.32,122.02,4821.0,q1_q17_dr25_tce,0.9672037048504875
K02398.01,,CANDIDATE → FALSE POSITIVE,1.169010526,91.91,47688.8,5944.0,q1_q17_dr25_tce,0.2512806791799556
K02467.01,Kepler-1839 b,CANDIDATE → CONFIRMED,5.05661302,1.15,286.32,5926.0,q1_q17_dr25_tce,0.8036988038645454
K02469.01,Kepler-1840 b,CANDIDATE → CONFIRMED,131.187921,2.34,1.54,4898.0,q1_q17_dr25_tce,0.982402455357352
K02471.01,Kepler-1841 b,CANDIDATE → CONFIRMED,25.8859397,1.66,20.35,5190.0,q1_q17_dr25_tce,0.9470085583188768
K02547.01,Kepler-1857 b,CANDIDATE → CONFIRMED,8.94337724,1.48,188.93,6074.0,q1_q17_dr25_tce,0.9102843664139049
K00253.01,Kepler-2000 b,CANDIDATE → CONFIRMED,6.383159135,2.73,18.73,3757.0,q1_q17_dr25_tce,0.9610112487324287
K02626.01,Kepler-1652 b,CANDIDATE → CONFIRMED,38.0970717,1.58,0.81,3554.0,q1_q17_dr25_tce,0.9184003288311573
K02553.01,Kepler-1858 b,CANDIDATE → CONFIRMED,88.0712769,2.4,2.79,4939.0,q1_q17_dr25_tce,0.9688139083753144
K02631.01,Kepler-1863 b,CANDIDATE → CONFIRMED,44.9977604,1.59,15.74,5871.0,q1_q17_dr25_tce,0.8782133169397043
K02477.01,Kepler-1842 b,CANDIDATE → CONFIRMED,14.02634692,2.66,108.07,5970.0,q1_q17_dr25_tce,0.9794555863885053
K02479.01,Kepler-1843 b,CANDIDATE → CONFIRMED,25.5433704,2.11,84.0,5422.0,q1_q17_dr25_tce,0.967736141133255
K02481.01,,CANDIDATE → FALSE POSITIVE,33.8542586,15.96,730.99,4553.0,,0.4110804882566554
K02841.01,Kepler-1881 b,CANDIDATE → CONFIRMED,159.388788,2.73,1.65,5135.0,q1_q17_dr25_tce,0.9607854806984586
K02919.01,Kepler-1885 b,CANDIDATE → CONFIRMED,2.522590567,25.82,499.07,5591.0,q1_q17_dr25_tce,0.4978746302439915
K02848.01,Kepler-1882 b,CANDIDATE → CONFIRMED,13.7872627,1.55,150.64,5691.0,q1_q17_dr25_tce,0.9807708129167424
K02849.01,Kepler-1692 b,CANDIDATE → CONFIRMED,5.95958637,1.02,153.48,5452.0,q1_q17_dr25_tce,0.8187939519307508
K02851.01,Kepler-1985 b,CANDIDATE → CONFIRMED,3.42064689,2.27,382.68,5370.0,q1_q17_dr25_tce,0.9418431049342402
K00272.01,,FALSE POSITIVE → CANDIDATE,1.28132831,4.52,5673.71,5918.0,q1_q17_dr25_tce,0.4264143282755363
K02933.01,,FALSE POSITIVE → CANDIDATE,119.0833042,22.19,0.78,4412.0,q1_q17_dr25_tce,0.14805021042280883
K02779.01,Kepler-1875 b,CANDIDATE → CONFIRMED,34.4585495,1.88,23.05,6161.0,q1_q17_dr25_tce,0.9335931277130883
K02948.01,Kepler-1888 b,CANDIDATE → CONFIRMED,11.39169531,1.02,145.67,5557.0,q1_q17_dr25_tce,0.9576198793757666
K02715.03,Kepler-1321 d,CANDIDATE → CONFIRMED,5.72084599,1.78,15.84,3640.0,q1_q17_dr25_tce,0.9769307496343514
K02942.02,Kepler-1886 b,CANDIDATE → CONFIRMED,24.2758992,2.25,26.68,5745.0,q1_q17_dr25_tce,0.8658106825866375
K02945.01,Kepler-1887 b,CANDIDATE → CONFIRMED,19.94752741,2.52,36.14,5749.0,q1_q17_dr25_tce,0.9595614012056566
K00269.01,Kepler-1713 b,CANDIDATE → CONFIRMED,18.01164974,1.83,155.37,6477.0,q1_q17_dr25_tce,0.8238552703422246
K02801.01,Kepler-1876 b,CANDIDATE → CONFIRMED,6.99205021,1.06,479.87,6057.0,q1_q17_dr25_tce,0.9308270946464904
K02871.01,Kepler-1693 b,CANDIDATE → CONFIRMED,12.0999065,1.39,100.37,5553.0,q1_q17_dr25_tce,0.9716259338200277
K02871.02,Kepler-1693 c,CANDIDATE → CONFIRMED,5.36375016,1.15,296.73,5553.0,q1_q17_dr25_tce,0.9632437463664059
K02876.01,,FALSE POSITIVE → CANDIDATE,5.1952021,1.37,115.35,5044.0,q1_q17_dr25_tce,0.908955087745265
K02723.01,Kepler-1871 b,CANDIDATE → CONFIRMED,1.952711161,2.58,917.15,5741.0,q1_q17_dr25_tce,0.7615615666776503
K02803.01,Kepler-1877 b,CANDIDATE → CONFIRMED,2.37752442,0.53,632.62,5615.0,q1_q17_dr25_tce,0.7665686665626548
K02878.01,Kepler-1694 b,CANDIDATE → CONFIRMED,3.89524296,1.13,197.66,5018.0,q1_q17_dr25_tce,0.9286827429175295
K02882.01,,FALSE POSITIVE → CANDIDATE,75.8580035,2.72,1.47,4474.0,q1_q17_dr25_tce,0.9529630470901361
K02967.01,Kepler-1889 b,CANDIDATE → CONFIRMED,37.3033197,2.31,14.0,5646.0,q1_q17_dr25_tce,0.9507256039805612
K02811.01,,CANDIDATE → FALSE POSITIVE,1.35477049,0.8,348.9,4414.0,q1_q17_dr25_tce,0.6757402754923301
K02675.02,Kepler-1312 c,CANDIDATE → CONFIRMED,1.116127169,1.0,1797.63,5721.0,q1_q17_dr25_tce,0.3160086599819081
K02733.01,Kepler-1688 b,CANDIDATE → CONFIRMED,5.62006198,1.45,84.01,4868.0,q1_q17_dr25_tce,0.9128071798790914
K02734.01,Kepler-1872 b,CANDIDATE → CONFIRMED,3.8259005,3.45,241.25,5223.0,q1_q17_dr25_tce,0.9547736470551806
K02735.01,Kepler-1873 b,CANDIDATE → CONFIRMED,0.558841234,1.33,2412.15,5151.0,q1_q17_dr25_tce,0.34824209557221875
K02680.01,,FALSE POSITIVE → CANDIDATE,14.4079035,23.4,35.81,5440.0,q1_q17_dr25_tce,0.23075956290332428
K02822.01,Kepler-1878 b,CANDIDATE → CONFIRMED,4.44589508,1.94,302.6,5918.0,q1_q17_dr25_tce,0.9352242382288505
K02686.01,Kepler-1868 b,CANDIDATE → CONFIRMED,211.032819,3.43,0.5,4658.0,q1_q17_dr25_tce,0.9564909679617425
K02687.01,Kepler-1869 c,CANDIDATE → CONFIRMED,1.716828304,0.74,1056.84,5808.0,q1_q17_dr25_tce,0.33080638361547055
K02690.01,Kepler-1870 b,CANDIDATE → CONFIRMED,3.606940379,2.04,283.23,5508.0,q1_q17_dr25_tce,0.9462194532930377
K02829.01,Kepler-1879 b,CANDIDATE → CONFIRMED,10.61345333,1.77,224.63,5865.0,q1_q17_dr25_tce,0.9437009069432478
K02835.01,Kepler-1880 b,CANDIDATE → CONFIRMED,6.30922043,1.37,31.73,4380.0,q1_q17_dr25_tce,0.975842129492136
K02694.02,Kepler-1315 c,CANDIDATE → CONFIRMED,6.56606941,1.83,86.27,4818.0,q1_q17_dr25_tce,0.9830390281811741
K02755.01,Kepler-1689 b,CANDIDATE → CONFIRMED,8.48299282,0.8,141.04,5827.0,q1_q17_dr25_tce,0.9127354147500324
K02757.01,Kepler-1690 b,CANDIDATE → CONFIRMED,234.635652,2.56,1.2,5422.0,q1_q17_dr25_tce,0.9246912471458476
K02760.01,Kepler-1874 b,CANDIDATE → CONFIRMED,56.5732318,2.69,3.79,4701.0,q1_q17_dr25_tce,0.9713256655838585
K03088.01,Kepler-1901 b,CANDIDATE → CONFIRMED,3.48412874,1.16,389.41,5696.0,q1_q17_dr25_tce,0.9045377764096469
K00367.01,Kepler-1656 b,CANDIDATE → CONFIRMED,31.578651216,4.52,24.94,5733.0,q1_q17_dr25_tce,0.9909304861999406
K03090.01,Kepler-1902 b,CANDIDATE → CONFIRMED,3.82223397,1.05,30.84,3729.0,q1_q17_dr25_tce,0.9723092333827141
K03091.01,Kepler-1903 b,CANDIDATE → CONFIRMED,17.067644,1.62,82.56,6347.0,q1_q17_dr25_tce,0.8738237874288339
K03095.01,Kepler-1905 b,CANDIDATE → CONFIRMED,3.42390809,1.25,508.75,5788.0,q1_q17_dr25_tce,0.9290084001903066
K00308.01,Kepler-1715 b,CANDIDATE → CONFIRMED,35.5969684,3.72,41.06,6212.0,q1_q17_dr25_tce,0.974885510769176
K03019.01,Kepler-1893 b,CANDIDATE → CONFIRMED,4.17939037,1.52,478.98,5633.0,q1_q17_dr25_tce,0.9677177311409517
K03022.01,Kepler-1894 b,CANDIDATE → CONFIRMED,2.76263737,1.25,544.05,5772.0,q1_q17_dr25_tce,0.8574790026063741
K00373.01,Kepler-1718 b,CANDIDATE → CONFIRMED,135.1879934,2.32,3.33,5731.0,q1_q17_dr25_tce,0.9878439284227101
K00375.01,Kepler-1704 b,CANDIDATE → CONFIRMED,988.8811177,10.81,0.58,5755.0,,0.9283354298346628
K03022.02,Kepler-1894 c,CANDIDATE → CONFIRMED,5.05368985,1.21,243.06,5772.0,q1_q17_dr25_tce,0.9020773569615936
K00315.01,Kepler-1716 b,CANDIDATE → CONFIRMED,35.58349688,2.03,6.54,4894.0,q1_q17_dr25_tce,0.9843579740521752
K00316.03,Kepler-139 d,CANDIDATE → CONFIRMED,7.305706326,2.11,210.72,5620.0,q1_q17_dr25_tce,0.991650878882353
K03027.01,Kepler-1895 b,CANDIDATE → CONFIRMED,6.07032548,1.36,91.45,5076.0,q1_q17_dr25_tce,0.9272872916937682
K03108.01,Kepler-1906 b,CANDIDATE → CONFIRMED,7.36272124,1.86,155.72,5868.0,q1_q17_dr25_tce,0.9121306973025598
K00319.01,Kepler-2004 b,CANDIDATE → CONFIRMED,46.15119482,10.02,57.8,5877.0,q1_q17_dr25_tce,0.8370128732896855
K00326.01,,CANDIDATE → FALSE POSITIVE,8.97349999,36.0,6178.9,4751.0,q1_q17_dr25_tce,0.0891570132502199
K00326.02,,CANDIDATE → FALSE POSITIVE,108.546946,29.67,222.7,4751.0,q1_q17_dr25_tce,0.1530968524532432
K00388.01,Kepler-1719 b,CANDIDATE → CONFIRMED,6.14955931,3.26,649.26,5687.0,q1_q17_dr25_tce,0.9548433302535808
K03045.01,Kepler-1896 b,CANDIDATE → CONFIRMED,44.8702042,2.56,19.5,6122.0,q1_q17_dr25_tce,0.9244745929106062
K03048.01,Kepler-1695 b,CANDIDATE → CONFIRMED,4.73292061,0.97,198.57,5595.0,q1_q17_dr25_tce,0.9325938497320672
K03130.01,Kepler-1907 c,CANDIDATE → CONFIRMED,14.8638496,2.9,35.04,5159.0,q1_q17_dr25_tce,0.9321338689057544
K03130.02,Kepler-1907 b,CANDIDATE → CONFIRMED,5.65245733,1.05,127.1,5159.0,q1_q17_dr25_tce,0.9542536389704973
K03132.01,,FALSE POSITIVE → CANDIDATE,0.536650319,1.35,24688.55,6020.0,q1_q17_dr25_tce,0.04314739914624768
K02970.01,Kepler-1890 b,CANDIDATE → CONFIRMED,4.82051088,1.08,735.25,6046.0,q1_q17_dr25_tce,0.9545128086432406
K03052.02,Kepler-1992 b,CANDIDATE → CONFIRMED,15.6112238,0.91,38.99,5383.0,q1_q17_dr25_tce,0.9053236859192821
K03136.01,Kepler-1909 b,CANDIDATE → CONFIRMED,2.39161966,0.93,266.01,4935.0,q1_q17_dr25_tce,0.8470204627348881
K03140.01,Kepler-1910 b,CANDIDATE → CONFIRMED,5.68879083,0.99,40.88,4234.0,q1_q17_dr25_tce,0.7778411433205508
K03145.01,Kepler-1977 b,CANDIDATE → CONFIRMED,4.53702121,1.66,95.61,4805.0,q1_q17_dr25_tce,0.9662040139971975
K00280.01,Kepler-1655 b,CANDIDATE → CONFIRMED,11.87290814,2.25,131.55,6147.0,q1_q17_dr25_tce,0.9577064995942163
K02982.01,Kepler-1891 b,CANDIDATE → CONFIRMED,4.0223109,1.37,253.28,5516.0,q1_q17_dr25_tce,0.9496092837425429
K03061.01,Kepler-1983 b,CANDIDATE → CONFIRMED,7.32851947,2.33,100.13,5135.0,q1_q17_dr25_tce,0.9512726065461319
K00288.01,Kepler-1714 b,CANDIDATE → CONFIRMED,10.27532513,3.04,508.21,6150.0,q1_q17_dr25_tce,0.9694252871074784
K00289.01,Kepler-511 c,CANDIDATE → CONFIRMED,26.62941953,3.13,71.75,5866.0,q1_q17_dr25_tce,0.9906479344959859
K02989.01,Kepler-1892 b,CANDIDATE → CONFIRMED,6.33125228,1.31,108.04,5383.0,q1_q17_dr25_tce,0.890524736646268
K03066.01,Kepler-1897 b,CANDIDATE → CONFIRMED,24.2204192,2.1,15.43,5165.0,q1_q17_dr25_tce,0.8979955596796394
K00347.01,,CANDIDATE → FALSE POSITIVE,2.671942657,22.36,1069.47,6116.0,q1_q17_dr25_tce,0.3644395482464573
K00349.01,Kepler-1664 b,CANDIDATE → CONFIRMED,14.38682567,2.54,85.46,5725.0,q1_q17_dr25_tce,0.9865014423490879
K03072.01,,FALSE POSITIVE → CANDIDATE,24.3367026,1.95,18.07,5141.0,q1_q17_dr25_tce,0.928279523733068
K00353.02,Kepler-1717 b,CANDIDATE → CONFIRMED,30.6528935,2.86,87.69,6200.0,q1_q17_dr25_tce,0.9033422752489473
K03075.01,Kepler-1898 b,CANDIDATE → CONFIRMED,4.76559056,0.92,439.42,5702.0,q1_q17_dr25_tce,0.9679044834230907
K03078.01,Kepler-1900 b,CANDIDATE → CONFIRMED,2.98618134,1.16,798.35,6173.0,q1_q17_dr25_tce,0.7365884169571855
K00354.02,Kepler-534 c,CANDIDATE → CONFIRMED,7.37867551,1.11,178.68,5936.0,q1_q17_dr25_tce,0.8616987049048199
K01236.04,Kepler-279 e,CANDIDATE → CONFIRMED,98.353149,4.13,21.96,6366.0,q1_q17_dr25_tce,0.31841347379815393
K00521.01,Kepler-1989 b,CANDIDATE → CONFIRMED,10.161023528,4.62,157.97,6032.0,q1_q17_dr25_tce,0.9345320313576816
K00577.01,Kepler-607 c,CANDIDATE → CONFIRMED,39.6766071,2.29,11.85,5244.0,q1_q17_dr25_tce,0.9870120247326098
K00422.01,,FALSE POSITIVE → CANDIDATE,809.0141881,14.38,0.51,6230.0,q1_q17_dr25_tce,0.6328523476117844
K00524.01,Kepler-1721 b,CANDIDATE → CONFIRMED,4.592393816,2.51,172.6,5351.0,q1_q17_dr25_tce,0.9707777480347372
K00525.01,,FALSE POSITIVE → CANDIDATE,11.53029332,3.98,137.08,5770.0,q1_q17_dr25_tce,0.9872869365793244
K00427.01,Kepler-549 d,CANDIDATE → CONFIRMED,24.61480613,4.2,27.93,5312.0,q1_q17_dr25_tce,0.9895409141405032
K03138.02,Kepler-1649 c,FALSE POSITIVE → CONFIRMED,19.5352551,0.53,0.16,2703.0,q1_q17_dr25_tce,0.5837560685742994
K00092.01,Kepler-1709 b,CANDIDATE → CONFIRMED,65.7045275,2.78,11.72,5918.0,q1_q17_dr25_tce,0.9861613537279381
K01353.03,Kepler-289 e,CANDIDATE → CONFIRMED,330.071558,2.94,1.58,5933.0,q1_q17_dr25_tce,0.6833814071572237
K00533.02,Kepler-589 c,CANDIDATE → CONFIRMED,3.52467888,1.46,344.61,5372.0,q1_q17_dr25_tce,0.8637832576561899
K05922.01,,FALSE POSITIVE → CANDIDATE,367.07446,2.15,1.59,6315.0,q1_q17_dr25_tce,0.34393099864074134
K00437.01,,FALSE POSITIVE → CANDIDATE,15.84132627,16.84,25.77,5119.0,q1_q17_dr25_tce,0.15485848307214525
K00599.01,Kepler-1724 b,CANDIDATE → CONFIRMED,6.45442931,2.48,234.98,6092.0,q1_q17_dr25_tce,0.9478612566393898
K00592.01,Kepler-1723 b,CANDIDATE → CONFIRMED,39.7529915,2.37,24.54,6072.0,q1_q17_dr25_tce,0.9802829001121383
K00593.03,Kepler-616 d,CANDIDATE → CONFIRMED,51.0674355,2.44,14.69,6004.0,q1_q17_dr25_tce,0.940343190361466
K00601.02,Kepler-619 d,CANDIDATE → CONFIRMED,11.67894236,4.17,112.07,6122.0,q1_q17_dr25_tce,0.9629351797473062
K00555.02,Kepler-598 c,CANDIDATE → CONFIRMED,86.4943704,3.07,4.29,5252.0,q1_q17_dr25_tce,0.9833356440824776
K00506.01,,CANDIDATE → FALSE POSITIVE,1.583160478,3.27,1625.93,6063.0,q1_q17_dr25_tce,0.4501238690137285
K00558.01,Kepler-1722 b,CANDIDATE → CONFIRMED,9.17858526,2.3,76.14,5506.0,q1_q17_dr25_tce,0.9783223020556635
K00005.02,,CANDIDATE → FALSE POSITIVE,7.05185637,,,,,0.47984398317847443
K00082.06,,CANDIDATE → FALSE POSITIVE,22.4098677,0.73,13.55,4900.0,q1_q17_dr25_tce,0.9307683833134481
K00466.01,,FALSE POSITIVE → CANDIDATE,9.391039263,11.73,308.13,5944.0,q1_q17_dr25_tce,0.5824081523675604
K00076.01,,FALSE POSITIVE → CANDIDATE,77.4794704,10.33,86.59,6711.0,q1_q17_dr25_tce,0.8683932174821042
K00089.02,Kepler-462 c,CANDIDATE → CONFIRMED,207.5829306,4.52,9.97,6688.0,q1_q17_dr25_tce,0.9250592525955044
K00473.01,Kepler-1720 b,CANDIDATE → CONFIRMED,12.70636123,2.75,55.86,5573.0,q1_q17_dr25_tce,0.9757362906413782
K00474.03,Kepler-164 e,CANDIDATE → CONFIRMED,94.886902,4.24,7.99,5888.0,q1_q17_dr25_tce,0.7901358364923561
K00417.01,,FALSE POSITIVE → CANDIDATE,19.193103549,12.23,43.77,5883.0,q1_q17_dr25_tce,0.207166892718932
K00080.01,,FALSE POSITIVE → CANDIDATE,9.250572762,96.08,3530.57,8133.0,q1_q17_dr25_tce,0.02114629130527853
K00726.01,,CANDIDATE → FALSE POSITIVE,5.115750935,60.74,493.38,6398.0,q1_q17_dr25_tce,0.04354651797784185
K00635.01,Kepler-1725 b,CANDIDATE → CONFIRMED,16.71987303,2.52,81.63,6020.0,q1_q17_dr25_tce,0.919669065916801
K00547.03,Kepler-595 c,CANDIDATE → CONFIRMED,12.3860474,1.11,50.23,5121.0,q1_q17_dr25_tce,0.9206273898167595
K00691.01,Kepler-647 c,CANDIDATE → CONFIRMED,29.66631669,2.83,40.68,5956.0,q1_q17_dr25_tce,0.9914410062264807
K00732.03,Kepler-656 c,CANDIDATE → CONFIRMED,5.25449393,1.41,213.25,5550.0,q1_q17_dr25_tce,0.9531046791431006
K00696.01,,CANDIDATE → FALSE POSITIVE,7.03380109,2.61,718.45,6122.0,q1_q17_dr25_tce,0.9782884673934409
K00645.02,Kepler-633 c,CANDIDATE → CONFIRMED,23.7832097,2.01,65.26,5877.0,q1_q17_dr25_tce,0.9779933917027709
K00648.01,,FALSE POSITIVE → CANDIDATE,10.47490332,15.45,1427.2,6526.0,q1_q17_dr25_tce,0.08353039843190016
K00102.01,Kepler-1990 b,CANDIDATE → CONFIRMED,1.73513619,3.27,1372.87,5751.0,q1_q17_dr25_tce,0.9402536586704127
K00650.01,Kepler-1665 b,CANDIDATE → CONFIRMED,11.95474513,5.15,159.04,5059.0,q1_q17_dr25_tce,0.9750245288905379
K00704.01,Kepler-1726 b,CANDIDATE → CONFIRMED,18.39629744,2.47,27.09,5316.0,q1_q17_dr25_tce,0.978941324201393
K00102.02,Kepler-1990 c,FALSE POSITIVE → CONFIRMED,4.06844957,0.98,442.08,5751.0,q1_q17_dr25_tce,0.9205154651880625
K07621.01,,FALSE POSITIVE → CANDIDATE,275.07365,1.86,2.0,5604.0,q1_q17_dr25_tce,0.2793863471453546
K00103.01,Kepler-1710 b,CANDIDATE → CONFIRMED,14.91095177,2.62,54.87,5650.0,q1_q17_dr25_tce,0.9927024178786256
K00667.01,,CANDIDATE → FALSE POSITIVE,4.305219002,10.34,370.84,5780.0,q1_q17_dr25_tce,0.7508042613533519
K00616.01,,CANDIDATE → FALSE POSITIVE,1.433339604,2.08,1873.33,6077.0,q1_q17_dr25_tce,0.4675923910571649
K00619.01,,CANDIDATE → FALSE POSITIVE,2.879243323,21.02,565.39,5941.0,q1_q17_dr25_tce,0.22107360859783318
K00621.01,,FALSE POSITIVE → CANDIDATE,17.761998411,14.25,19.78,5088.0,q1_q17_dr25_tce,0.14399136691710196
K07634.01,,FALSE POSITIVE → CANDIDATE,80.84069,15.11,14.83,5511.0,q1_q17_dr25_tce,0.7184949284067366
K00625.01,,CANDIDATE → FALSE POSITIVE,38.13853099,68.75,137.15,6481.0,q1_q17_dr25_tce,0.15946439596246395
K04066.01,Kepler-1936 b,CANDIDATE → CONFIRMED,126.55719,4.59,17.85,6501.0,q1_q17_dr25_tce,0.7316576782135451
K04067.01,Kepler-1937 b,CANDIDATE → CONFIRMED,9.6887216,3.09,250.25,6457.0,q1_q17_dr25_tce,0.9656742965190624
K04069.01,Kepler-1938 b,CANDIDATE → CONFIRMED,13.06243545,1.36,18.25,4522.0,q1_q17_dr25_tce,0.9657968054941055
K04150.01,Kepler-1941 b,CANDIDATE → CONFIRMED,31.3351094,1.99,46.53,6404.0,q1_q17_dr25_tce,0.8270869770423299
K04156.01,Kepler-1943 b,CANDIDATE → CONFIRMED,4.85018974,1.1,344.04,6032.0,q1_q17_dr25_tce,0.726328138255911
K04157.01,Kepler-1982 b,CANDIDATE → CONFIRMED,3.82315697,0.77,638.38,6202.0,q1_q17_dr25_tce,0.837700796121415
K04166.01,Kepler-1944 b,CANDIDATE → CONFIRMED,9.84262076,2.41,97.62,5585.0,q1_q17_dr25_tce,0.9437878415165522
K04153.01,Kepler-1942 b,CANDIDATE → CONFIRMED,4.62602867,1.65,247.34,5834.0,q1_q17_dr25_tce,0.8832085837664867
K02303.02,Kepler-1181 c,CANDIDATE → CONFIRMED,8.93484887,1.83,377.25,6688.0,q1_q17_dr25_tce,0.8980771225557178
K02250.02,Kepler-1814 c,CANDIDATE → CONFIRMED,0.626281766,1.76,2011.27,4922.0,q1_q17_dr25_tce,0.4561115226881711
K04097.01,Kepler-1939 b,CANDIDATE → CONFIRMED,2.790643481,0.99,104.74,4353.0,q1_q17_dr25_tce,0.9410270798603757
K04097.02,,FALSE POSITIVE → CANDIDATE,4.44902309,0.55,56.19,4353.0,q1_q17_dr25_tce,0.9368632951169575
K04099.01,Kepler-1940 b,CANDIDATE → CONFIRMED,4.95060632,1.28,145.23,5431.0,q1_q17_dr25_tce,0.8206825848090016
K04105.01,,FALSE POSITIVE → CANDIDATE,363.41165,3.14,1.12,6025.0,q1_q16_tce,0.15465189925275083
K02257.02,Kepler-1162 c,CANDIDATE → CONFIRMED,59.284064,1.81,6.14,5225.0,q1_q17_dr25_tce,0.9136344605749507
K04047.01,,CANDIDATE → FALSE POSITIVE,1.39862757,2.39,38048.23,7872.0,q1_q17_dr25_tce,0.18174490872865984
K04116.01,,CANDIDATE → FALSE POSITIVE,0.783258387,1.28,1395.69,5067.0,q1_q17_dr24_tce,0.07837517359047888
K04124.01,,CANDIDATE → FALSE POSITIVE,2.43142974,1.17,852.0,5750.0,q1_q17_dr24_tce,0.6408873445299723
K04053.01,Kepler-1934 b,CANDIDATE → CONFIRMED,1.41975831,0.85,1968.38,5925.0,q1_q17_dr25_tce,0.5621831532622573
K04054.01,Kepler-1701 b,CANDIDATE → CONFIRMED,169.135056,2.21,1.31,5171.0,q1_q17_dr25_tce,0.9705366705155221
K04056.01,Kepler-1935 b,CANDIDATE → CONFIRMED,3.951383138,23.51,324.78,5570.0,q1_q17_dr25_tce,0.7426826234665559
K04343.01,Kepler-1952 b,CANDIDATE → CONFIRMED,27.2106807,1.73,65.27,5973.0,q1_q17_dr25_tce,0.9376851495578777
K04409.01,Kepler-1955 b,CANDIDATE → CONFIRMED,14.2651545,1.06,125.45,5825.0,q1_q17_dr25_tce,0.9689345264952647
K04216.01,,CANDIDATE → FALSE POSITIVE,0.492291661,3.42,2415.37,4971.0,q1_q17_dr25_tce,0.3964869853226769
K04359.01,,CANDIDATE → FALSE POSITIVE,0.629001455,0.81,30567.67,6739.0,q1_q17_dr25_tce,0.13862134024867534
K02972.02,,FALSE POSITIVE → CANDIDATE,42.0292298,2.33,26.46,5850.0,q1_q17_dr25_tce,0.9800982866095773
K04430.01,,FALSE POSITIVE → CANDIDATE,0.505111993,1.58,2970.58,5262.0,q1_q17_dr25_tce,0.6567128118306221
K04368.02,,CANDIDATE → FALSE POSITIVE,39.2820405,58.67,108.22,6143.0,q1_q17_dr24_tce,0.2334782675051022
K04303.01,,FALSE POSITIVE → CANDIDATE,200.721168,3.32,2.72,5566.0,q1_q17_dr25_tce,0.9219489416700466
K04372.01,Kepler-1953 b,CANDIDATE → CONFIRMED,6.24564633,1.06,67.62,4858.0,q1_q17_dr25_tce,0.9246358447785863
K00612.03,Kepler-196 d,CANDIDATE → CONFIRMED,122.0804953,2.92,1.83,5132.0,q1_q17_dr25_tce,0.9408356251386318
K04444.01,Kepler-1956 b,CANDIDATE → CONFIRMED,5.94373492,1.14,48.82,4391.0,q1_q17_dr25_tce,0.9230723214014169
K04447.01,Kepler-1957 b,CANDIDATE → CONFIRMED,2.18660188,0.98,345.07,4904.0,q1_q17_dr25_tce,0.8378777477185282
K04310.01,Kepler-1950 b,CANDIDATE → CONFIRMED,10.7769944,1.15,75.83,5455.0,q1_q17_dr25_tce,0.8857683217188937
K04247.01,,FALSE POSITIVE → CANDIDATE,349.41047,2.41,0.97,5878.0,q1_q16_tce,0.3429114260518293
K04385.01,Kepler-1600 c,CANDIDATE → CONFIRMED,7.298142,1.6,90.04,5119.0,q1_q17_dr25_tce,0.9247171500405932
K04386.01,Kepler-1702 b,CANDIDATE → CONFIRMED,18.5010898,1.62,22.4,5242.0,q1_q17_dr25_tce,0.8605297670586061
K04180.01,,CANDIDATE → FALSE POSITIVE,1.121634781,0.6,529.9,4518.0,q1_q17_dr25_tce,0.764504338153835
K04252.01,Kepler-1948 b,CANDIDATE → CONFIRMED,15.5714121,0.72,5.98,3872.0,q1_q17_dr25_tce,0.925424434432305
K02579.02,Kepler-1859 c,CANDIDATE → CONFIRMED,3.59645081,1.66,732.82,5887.0,q1_q17_dr25_tce,0.9362931615464429
K04320.01,Kepler-1951 b,CANDIDATE → CONFIRMED,20.6579443,1.27,66.27,5468.0,q1_q17_dr25_tce,0.8848743555232863
K04184.01,Kepler-1945 b,CANDIDATE → CONFIRMED,6.08003714,1.07,100.72,4991.0,q1_q17_dr25_tce,0.9407808769760608
K04185.01,Kepler-1946 b,CANDIDATE → CONFIRMED,3.035206175,3.59,403.53,5505.0,q1_q17_dr25_tce,0.931925555438387
K04188.01,Kepler-1947 b,CANDIDATE → CONFIRMED,6.96352699,1.4,669.78,6040.0,q1_q17_dr25_tce,0.9569523517185066
K04193.01,,CANDIDATE → FALSE POSITIVE,94.180473,4.17,12.34,6997.0,q1_q17_dr25_tce,0.7818953392281465
K04264.01,,FALSE POSITIVE → CANDIDATE,0.888478095,1.51,1825.96,5553.0,q1_q17_dr25_tce,0.4999749386244268
K04403.01,Kepler-1954 b,CANDIDATE → CONFIRMED,5.88350251,1.27,192.09,5840.0,q1_q17_dr25_tce,0.9084663954014891
K04198.01,,FALSE POSITIVE → CANDIDATE,1.182862515,1.26,14544.87,6017.0,q1_q17_dr25_tce,0.05345556959853089
K04267.01,Kepler-1949 b,CANDIDATE → CONFIRMED,2.20829637,1.36,2016.25,6028.0,q1_q17_dr25_tce,0.8858923283196964
K04269.01,Kepler-1993 b,CANDIDATE → CONFIRMED,26.6565737,4.15,157.45,5159.0,q1_q17_dr25_tce,0.9427969587532927
K04269.02,,FALSE POSITIVE → CANDIDATE,4.4408541,1.74,1719.2,5159.0,q1_q17_dr25_tce,0.6114550202507566
K02433.03,Kepler-385 d,CANDIDATE → CONFIRMED,56.4148314,2.9,19.37,6325.0,q1_q17_dr25_tce,0.9510370363497072
K03194.01,,CANDIDATE → FALSE POSITIVE,10.81315417,1.46,281.84,6380.0,q1_q17_dr25_tce,0.8930325657493312
K04550.01,Kepler-1653 b,CANDIDATE → CONFIRMED,140.251943,1.84,1.28,4821.0,q1_q17_dr25_tce,0.9012289263943309
K03179.01,Kepler-1911 b,CANDIDATE → CONFIRMED,5.99078221,1.03,223.93,5721.0,q1_q17_dr25_tce,0.892455276927728
K04625.01,Kepler-1964 b,FALSE POSITIVE → CONFIRMED,2.440839436,21.29,223.8,4803.0,q1_q17_dr25_tce,0.9047921464151669
K04484.01,Kepler-1960 b,CANDIDATE → CONFIRMED,2.29794819,0.98,1352.14,6371.0,q1_q17_dr25_tce,0.46321956607887044
K04555.01,,FALSE POSITIVE → CANDIDATE,364.08733,1.39,0.47,5376.0,q1_q16_tce,0.5452670523075056
K03184.01,Kepler-1972 b,CANDIDATE → CONFIRMED,7.545922037,0.68,326.67,5788.0,q1_q17_dr25_tce,0.9314517164320258
K04724.01,,CANDIDATE → FALSE POSITIVE,20.8822079,3.63,45.17,5780.0,q1_q17_dr24_tce,0.89516920066793
K04725.01,Kepler-1967 b,CANDIDATE → CONFIRMED,7.28171395,2.59,329.68,4970.0,q1_q17_dr25_tce,0.912889919330707
K04500.02,Kepler-1610 c,CANDIDATE → CONFIRMED,44.9851885,2.09,8.34,5295.0,q1_q17_dr25_tce,0.8991553374871771
K04506.01,Kepler-1961 b,CANDIDATE → CONFIRMED,5.60473115,1.11,132.98,5401.0,q1_q17_dr25_tce,0.9136190735969626
K04650.01,,CANDIDATE → FALSE POSITIVE,1.69999106,0.55,180.38,4289.0,q1_q17_dr25_tce,0.11662107450679135
K04717.01,,FALSE POSITIVE → CANDIDATE,216.456055,3.61,2.48,5645.0,q1_q17_dr25_tce,0.9071787915061366
K04659.01,Kepler-1965 b,CANDIDATE → CONFIRMED,41.8681996,1.25,13.89,5852.0,q1_q17_dr25_tce,0.7740511077275912
K04661.01,Kepler-1966 b,CANDIDATE → CONFIRMED,8.61742738,1.01,68.28,5009.0,q1_q17_dr25_tce,0.9329104866073525
K04524.01,Kepler-1962 b,CANDIDATE → CONFIRMED,7.99144696,1.53,155.95,5700.0,q1_q17_dr25_tce,0.9495343938476907
K03061.02,,FALSE POSITIVE → CANDIDATE,77.915425,1.17,4.28,5135.0,q1_q17_dr25_tce,0.6243458300551773
K04458.01,,CANDIDATE → FALSE POSITIVE,358.818895,2.66,1.11,6056.0,q1_q17_dr25_tce,0.2990280734728052
K04535.01,,CANDIDATE → FALSE POSITIVE,9.8480917,0.88,60.47,5289.0,q1_q17_dr25_tce,0.7981253281428983
K04613.01,Kepler-1963 b,CANDIDATE → CONFIRMED,1.962282625,0.81,1038.36,5726.0,q1_q17_dr25_tce,0.8528905539505538
K04477.02,Kepler-1958 b,CANDIDATE → CONFIRMED,9.32867952,1.62,99.6,5749.0,q1_q17_dr25_tce,0.8964526992269528
K04478.01,Kepler-1959 b,CANDIDATE → CONFIRMED,6.38671206,1.19,102.25,5071.0,q1_q17_dr25_tce,0.9485573952903862
K03214.01,Kepler-1988 b,CANDIDATE → CONFIRMED,11.49500229,1.53,351.79,6033.0,q1_q17_dr25_tce,0.9627334054823347
K04772.02,Kepler-1705 b,CANDIDATE → CONFIRMED,9.0194714,1.07,91.74,5775.0,,0.5431108365471123
K04846.01,,FALSE POSITIVE → CANDIDATE,19.254536,1.32,36.02,5668.0,q1_q17_dr25_tce,0.7724531287615118
K03232.01,Kepler-1912 b,CANDIDATE → CONFIRMED,6.05919881,1.21,214.55,5734.0,q1_q17_dr25_tce,0.8832425423864639
K04777.01,Kepler-1971 b,CANDIDATE → CONFIRMED,0.824000125,0.42,73.09,3396.0,q1_q17_dr24_tce,0.6758106093803444
K04778.01,,CANDIDATE → FALSE POSITIVE,0.772152075,4.44,18277.6,5951.0,q1_q17_dr25_tce,0.25148358006600435
K03318.01,Kepler-1915 b,CANDIDATE → CONFIRMED,13.8353959,3.78,101.05,6020.0,q1_q17_dr25_tce,0.9179642303458835
K03319.01,Kepler-1468 d,CANDIDATE → CONFIRMED,19.5906103,2.64,106.48,5794.0,q1_q17_dr25_tce,0.9864802527618207
K03320.01,,FALSE POSITIVE → CANDIDATE,85.0624157,21.26,3.74,5223.0,q1_q17_dr25_tce,0.08101694535077583
K04733.01,Kepler-1968 b,CANDIDATE → CONFIRMED,7.28116667,1.4,72.16,5008.0,q1_q17_dr25_tce,0.9521705158977409
K04807.01,,CANDIDATE → FALSE POSITIVE,0.969824139,0.49,2709.67,5780.0,q1_q17_dr25_tce,0.34510558301430433
K03267.01,Kepler-1913 b,CANDIDATE → CONFIRMED,14.1959621,1.66,105.7,6214.0,q1_q17_dr25_tce,0.9000467723211998
K03268.01,,CANDIDATE → FALSE POSITIVE,11.52482874,22.56,77.15,5592.0,q1_q17_dr25_tce,0.7232617588453422
K03271.01,Kepler-1986 b,CANDIDATE → CONFIRMED,19.5489666,1.89,26.62,5549.0,q1_q17_dr25_tce,0.9460937414641997
K04743.01,,CANDIDATE → FALSE POSITIVE,49.5387264,20.52,8.52,5683.0,q1_q17_dr25_tce,0.44811706190685985
K04744.01,,CANDIDATE → FALSE POSITIVE,3.39155966,0.49,462.47,5896.0,q1_q17_dr25_tce,0.8943886468913327
K04748.01,Kepler-1969 b,CANDIDATE → CONFIRMED,6.64754478,1.72,235.89,6046.0,q1_q17_dr25_tce,0.8830513830188869
K03279.01,Kepler-1914 b,CANDIDATE → CONFIRMED,30.8278245,2.42,27.66,5982.0,q1_q17_dr25_tce,0.9627990501544172
K03204.01,,CANDIDATE → FALSE POSITIVE,0.572937573,1.57,27058.33,7338.0,,0.06298851648884679
K03503.01,Kepler-1703 b,CANDIDATE → CONFIRMED,21.1876185,0.79,49.23,6355.0,q1_q17_dr25_tce,0.7612052537619995
K03372.01,Kepler-1997 b,CANDIDATE → CONFIRMED,26.7575866,2.28,44.86,6215.0,q1_q17_dr25_tce,0.8727837495824646
K03440.01,Kepler-1980 b,FALSE POSITIVE → CONFIRMED,33.0257179,2.21,23.95,5819.0,q1_q17_dr25_tce,0.9551064960240271
K03520.01,,CANDIDATE → FALSE POSITIVE,135.58607679,89.83,7.99,6401.0,q1_q17_dr25_tce,0.002530807247914256
K03375.01,Kepler-1918 b,CANDIDATE → CONFIRMED,47.0563327,2.57,14.43,5889.0,q1_q17_dr25_tce,0.9301699770536268
K03444.02,,FALSE POSITIVE → CANDIDATE,60.32668824,4.98,0.79,3705.0,q1_q17_dr25_tce,0.7652022514715975
K03522.01,,CANDIDATE → FALSE POSITIVE,241.07074582,76.53,56.58,9414.0,q1_q17_dr25_tce,0.04594988103282073
K03383.01,Kepler-1919 b,CANDIDATE → CONFIRMED,37.8862977,2.09,12.46,5513.0,q1_q17_dr25_tce,0.928917601988141
K03459.01,Kepler-1922 b,CANDIDATE → CONFIRMED,13.2226149,1.75,71.11,5931.0,q1_q17_dr25_tce,0.8659610672142048
K03541.01,,CANDIDATE → FALSE POSITIVE,421.42848194,54.16,2.97,6235.0,q1_q17_dr25_tce,0.002114222701469854
K03398.02,Kepler-1487 c,CANDIDATE → CONFIRMED,35.8007112,7.97,227.68,5745.0,q1_q17_dr25_tce,0.8892605664601706
K01781.03,Kepler-411 d,CANDIDATE → CONFIRMED,58.0198583,3.46,3.7,4920.0,q1_q17_dr25_tce,0.8014446231919007
K01681.02,Kepler-1984 b,FALSE POSITIVE → CONFIRMED,1.992812339,6.81,48.82,3638.0,q1_q17_dr25_tce,0.5843668351594676
K03474.01,Kepler-1923 b,CANDIDATE → CONFIRMED,52.6095103,1.83,22.13,5881.0,q1_q17_dr25_tce,0.9671816739578447
K07729.01,,FALSE POSITIVE → CANDIDATE,50.563697,1.57,79.36,6759.0,q1_q17_dr25_tce,0.4409837991633328
K03335.01,Kepler-1916 b,CANDIDATE → CONFIRMED,31.2543238,2.29,38.54,6246.0,q1_q17_dr25_tce,0.9466305017253417
K01525.02,Kepler-880 c,CANDIDATE → CONFIRMED,11.8061737,2.87,926.72,6900.0,q1_q17_dr25_tce,0.65826705333189
K03403.02,Kepler-1488 c,CANDIDATE → CONFIRMED,6.15828666,1.2,510.35,5710.0,q1_q17_dr25_tce,0.8846031718569171
K01788.02,,FALSE POSITIVE → CANDIDATE,369.069345,3.07,0.35,4855.0,q1_q17_dr25_tce,0.5987598189364014
K01833.02,Kepler-968 d,CANDIDATE → CONFIRMED,7.68433346,2.58,27.35,4402.0,q1_q17_dr25_tce,0.9514248674646818
K03411.01,,FALSE POSITIVE → CANDIDATE,26.83771808,12.68,44.22,6194.0,q1_q17_dr25_tce,0.7317670540609602
K03482.01,Kepler-1924 b,CANDIDATE → CONFIRMED,15.3317719,1.91,107.44,5726.0,q1_q17_dr25_tce,0.969677676338814
K03344.01,Kepler-1471 c,CANDIDATE → CONFIRMED,11.6044881,1.88,118.5,5533.0,q1_q17_dr25_tce,0.9629134099832304
K03572.01,,CANDIDATE → FALSE POSITIVE,2.086076372,1543.74,1728.2,6124.0,q1_q17_dr25_tce,0.013594817333480787
K03347.01,Kepler-1917 b,CANDIDATE → CONFIRMED,12.90235874,1.49,48.99,5530.0,q1_q17_dr25_tce,0.9078643492366845
K03421.01,,FALSE POSITIVE → CANDIDATE,40.6511021,1.7,42.54,6297.0,q1_q17_dr25_tce,0.9022075854976132
K03422.01,,FALSE POSITIVE → CANDIDATE,40.1454757,13.01,1708.38,7852.0,q1_q17_dr25_tce,0.30805593751526633
K07733.01,,FALSE POSITIVE → CANDIDATE,1.048130894,4.52,52952.95,7673.0,q1_q17_dr25_tce,0.3329183171584805
K03493.01,Kepler-1925 b,CANDIDATE → CONFIRMED,46.7162336,2.03,18.74,5856.0,q1_q17_dr25_tce,0.9595507245107182
K03423.01,Kepler-1920 b,CANDIDATE → CONFIRMED,30.2541186,2.8,44.87,6277.0,q1_q17_dr25_tce,0.9582620933573008
K03425.01,Kepler-1921 b,CANDIDATE → CONFIRMED,20.034708,2.24,207.16,6120.0,q1_q17_dr25_tce,0.9852689086657312
K03425.02,Kepler-1921 c,CANDIDATE → CONFIRMED,3.15722086,1.41,2436.47,6120.0,q1_q17_dr25_tce,0.9155478232435025
K03426.01,,FALSE POSITIVE → CANDIDATE,58.7701045,1.57,15.78,6158.0,q1_q17_dr25_tce,0.9034943379042395
K03500.01,Kepler-1927 b,CANDIDATE → CONFIRMED,73.7502765,3.78,49.76,6056.0,q1_q17_dr25_tce,0.9466272063087666
K03361.01,Kepler-1696 b,CANDIDATE → CONFIRMED,65.9407869,2.33,10.04,5982.0,q1_q17_dr25_tce,0.9555980584521604
K03431.01,,FALSE POSITIVE → CANDIDATE,19.6001405,2.08,49.23,6003.0,q1_q17_dr25_tce,0.8765975474607417
K03749.01,,FALSE POSITIVE → CANDIDATE,10.72725536,12.85,2.1,3324.0,q1_q17_dr25_tce,0.3444899483888203
K03680.01,Kepler-1657 b,CANDIDATE → CONFIRMED,141.2415405,11.49,3.62,5705.0,q1_q17_dr25_tce,0.978741390485924
K02055.03,Kepler-1073 d,CANDIDATE → CONFIRMED,2.50475282,1.48,828.59,5509.0,q1_q17_dr25_tce,0.9368213255948423
K03908.01,Kepler-1929 b,CANDIDATE → CONFIRMED,59.3627946,2.23,24.33,5786.0,q1_q17_dr25_tce,0.9757648677437714
K03681.02,Kepler-1514 c,CANDIDATE → CONFIRMED,10.51421162,1.25,187.06,6259.0,q1_q17_dr25_tce,0.9559413637040517
K03925.01,Kepler-1530 d,CANDIDATE → CONFIRMED,9.2075634,5.5,211.08,5678.0,q1_q17_dr25_tce,0.8881050165157744
K03692.01,,CANDIDATE → FALSE POSITIVE,1.160153553,60.47,5363.78,6200.0,q1_q17_dr25_tce,0.13144071799764784
K03767.01,,FALSE POSITIVE → CANDIDATE,6.714247798,14.78,100.94,5159.0,q1_q17_dr25_tce,0.07496399355796089
K03771.01,,CANDIDATE → FALSE POSITIVE,5.80184753,14.0,225.81,5687.0,q1_q17_dr25_tce,0.4454510650555278
K03849.01,,CANDIDATE → FALSE POSITIVE,0.604358764,23.28,235.63,3569.0,q1_q17_dr25_tce,0.09732185079899382
K02029.03,Kepler-352 d,CANDIDATE → CONFIRMED,6.8873113,0.72,90.91,5208.0,q1_q17_dr25_tce,0.9145113150295059
K03777.01,,FALSE POSITIVE → CANDIDATE,17.7476059,146.63,3768.37,8992.0,q1_q17_dr25_tce,0.09043517088855604
K03856.01,,CANDIDATE → FALSE POSITIVE,1.811966339,95.19,10360.38,5904.0,q1_q17_dr25_tce,0.06513570321427634
K03783.01,,CANDIDATE → FALSE POSITIVE,197.1455327,72.16,14.53,7214.0,q1_q17_dr25_tce,0.08217090756056337
K01986.02,Kepler-1038 c,CANDIDATE → CONFIRMED,7.12766417,1.21,89.24,5159.0,q1_q17_dr25_tce,0.9206962043536134
K03787.01,,FALSE POSITIVE → CANDIDATE,141.73403059,10.3,2.77,5606.0,q1_q17_dr25_tce,0.8750005868975232
K03864.01,Kepler-1698 b,CANDIDATE → CONFIRMED,1.210693626,0.99,784.51,5014.0,q1_q17_dr25_tce,0.7010591065795861
K02061.02,Kepler-2001 b,CANDIDATE → CONFIRMED,1.090011003,1.04,911.28,5081.0,q1_q17_dr25_tce,0.5836301208437985
K03722.01,,FALSE POSITIVE → CANDIDATE,2.38920105,,752.42,,q1_q17_dr25_tce,0.08426040087184661
K03876.01,Kepler-1928 b,CANDIDATE → CONFIRMED,19.57783279,1.96,35.14,5620.0,q1_q17_dr25_tce,0.9830322957507528
K03880.01,,FALSE POSITIVE → CANDIDATE,1.803697292,1.0,2385.75,6438.0,q1_q17_dr25_tce,0.4545693231378222
K03810.01,,FALSE POSITIVE → CANDIDATE,1.013774136,18.59,110.51,3644.0,q1_q17_dr25_tce,0.22885627989230195
K03813.01,,CANDIDATE → FALSE POSITIVE,4.8591441,6.9,681.41,6586.0,q1_q17_dr25_tce,0.25636968826511025
K03890.01,,CANDIDATE → FALSE POSITIVE,152.8255989,34.85,68.47,4991.0,q1_q17_dr25_tce,0.6503859351456344
K03741.02,,FALSE POSITIVE → CANDIDATE,18.577903,1.36,140.97,6432.0,q1_q17_dr25_tce,0.14002898400332758
K01666.01,,FALSE POSITIVE → CANDIDATE,0.968026356,1.78,5205.91,6469.0,q1_q17_dr25_tce,0.39291599029132973
K01670.01,,FALSE POSITIVE → CANDIDATE,10.57910009,2.03,175.79,6323.0,q1_q17_dr25_tce,0.6645060563403112
K01671.01,Kepler-1763 b,CANDIDATE → CONFIRMED,1.480283464,0.97,2597.27,5897.0,q1_q17_dr25_tce,0.9424640799399547
K01745.01,,FALSE POSITIVE → CANDIDATE,0.982090079,29.95,1426.18,5472.0,q1_q17_dr25_tce,0.05440993795334975
K01694.01,,CANDIDATE → FALSE POSITIVE,3.690317047,20.23,634.09,6120.0,q1_q17_dr25_tce,0.5958354270071096
K02162.02,Kepler-1126 c,CANDIDATE → CONFIRMED,199.66876,1.45,2.06,5678.0,q1_q17_dr25_tce,0.9117798249184379
K03980.01,,CANDIDATE → FALSE POSITIVE,0.469334634,2.4,8264.27,5888.0,q1_q17_dr25_tce,0.16051750077285204
K01807.01,,CANDIDATE → FALSE POSITIVE,132.1331011,75.08,101.41,5067.0,q1_q17_dr25_tce,0.46736726378421817
K02663.01,Kepler-1867 b,CANDIDATE → CONFIRMED,9.88736642,0.68,82.32,5693.0,q1_q17_dr25_tce,0.8980725054546181
K01714.01,,CANDIDATE → FALSE POSITIVE,2.743978797,38.11,392.49,5334.0,q1_q17_dr25_tce,0.04207919169555265
K02141.01,,FALSE POSITIVE → CANDIDATE,1.306984786,18.33,2230.29,6102.0,q1_q17_dr25_tce,0.24002503119771887
K02612.01,Kepler-1994 b,CANDIDATE → CONFIRMED,4.61225043,0.51,268.27,5495.0,q1_q17_dr25_tce,0.9062735101597121
K01729.01,,CANDIDATE → FALSE POSITIVE,5.204286663,16.0,180.12,5332.0,q1_q17_dr25_tce,0.04060713912870083
K02783.01,,CANDIDATE → FALSE POSITIVE,0.526887517,0.58,550.37,3945.0,q1_q17_dr25_tce,0.546787119574955
K02879.01,,FALSE POSITIVE → CANDIDATE,0.339069751,2.09,41863.05,5653.0,q1_q17_dr25_tce,0.3073887456234692
K04002.01,Kepler-1932 b,CANDIDATE → CONFIRMED,0.524175803,1.27,3049.23,5278.0,q1_q17_dr25_tce,0.5956153622230134
K04004.01,Kepler-1933 b,CANDIDATE → CONFIRMED,4.94330596,1.41,296.74,5661.0,q1_q17_dr25_tce,0.9601693919978664
K01772.01,,FALSE POSITIVE → CANDIDATE,120.00336404,15.08,0.78,4315.0,q1_q17_dr25_tce,0.196812919549963
K02199.01,Kepler-1806 b,CANDIDATE → CONFIRMED,9.03326435,1.96,66.89,5311.0,q1_q17_dr25_tce,0.9501061712185941
K03933.01,Kepler-1699 b,CANDIDATE → CONFIRMED,3.490785878,1.32,245.65,5496.0,q1_q17_dr25_tce,0.9565830838417275
K03936.01,,FALSE POSITIVE → CANDIDATE,141.608555,2.98,1.68,5083.0,q1_q17_dr25_tce,0.9813321407685007
K02172.02,Kepler-1801 c,CANDIDATE → CONFIRMED,116.583183,2.91,4.47,5738.0,q1_q17_dr25_tce,0.7519246540292586
K01936.01,,CANDIDATE → FALSE POSITIVE,1.339670241,1.27,33385.02,8867.0,q1_q17_dr25_tce,0.07014402295645666
K03936.02,Kepler-1930 b,CANDIDATE → CONFIRMED,13.0267964,2.08,40.51,5083.0,q1_q17_dr25_tce,0.9591605457997395
K03939.01,,CANDIDATE → FALSE POSITIVE,1.88665445,43.81,2453.86,6296.0,q1_q17_dr25_tce,0.18437811761772446
K04011.01,,CANDIDATE → FALSE POSITIVE,2.19068738,1.68,3913.33,6208.0,q1_q17_dr25_tce,0.33385913491172414
K04014.01,Kepler-1700 b,CANDIDATE → CONFIRMED,234.240739,3.41,2.77,5814.0,q1_q17_dr25_tce,0.903587367265768
K03943.01,Kepler-1931 b,CANDIDATE → CONFIRMED,38.5763483,2.05,34.77,6167.0,q1_q17_dr25_tce,0.5647690216264719
K01995.01,,CANDIDATE → FALSE POSITIVE,14.38724729,29.24,65.41,5830.0,q1_q17_dr25_tce,0.3146944222686562
K01855.01,,CANDIDATE → FALSE POSITIVE,58.4302648,3.45,1.91,4338.0,q1_q17_dr25_tce,0.613787297592008
K01131.01,,CANDIDATE → FALSE POSITIVE,0.696125302,28.44,1739.43,5245.0,q1_q17_dr25_tce,0.03674106955137054
K01943.01,Kepler-1676 b,CANDIDATE → CONFIRMED,29.92208104,3.09,88.52,6127.0,q1_q17_dr25_tce,0.9780955046860041
K02061.01,Kepler-2001 c,FALSE POSITIVE → CONFIRMED,14.092583189,1.82,30.1,5081.0,q1_q17_dr25_tce,0.9461460615021644
K01631.01,,FALSE POSITIVE → CANDIDATE,0.592243731,6.77,1361.22,4920.0,q1_q17_dr25_tce,0.6664645486371072
K02065.01,Kepler-1789 b,CANDIDATE → CONFIRMED,80.2321467,3.24,4.91,5436.0,q1_q17_dr25_tce,0.9822893374449767
K01871.02,Kepler-1996 b,CANDIDATE → CONFIRMED,32.376183,2.26,5.61,4580.0,q1_q17_dr25_tce,0.9791755797833775
K01783.02,Kepler-1662 c,CANDIDATE → CONFIRMED,284.063137,6.36,2.51,5791.0,q1_q17_dr25_tce,0.8878796194754764
K03006.01,,CANDIDATE → FALSE POSITIVE,0.998212785,1.1,2998.77,6072.0,q1_q17_dr25_tce,0.058263068619116135
K03077.01,Kepler-1899 b,CANDIDATE → CONFIRMED,4.09578199,1.64,124.3,4791.0,q1_q17_dr25_tce,0.956276619702814
K03094.01,Kepler-1904 b,CANDIDATE → CONFIRMED,4.5770016,1.33,24.38,3805.0,q1_q17_dr25_tce,0.9680041951009282
K01599.02,Kepler-1659 b,CANDIDATE → CONFIRMED,13.6164547,22.29,76.81,5823.0,q1_q17_dr25_tce,0.11812737597388864
K00339.03,Kepler-529 d,CANDIDATE → CONFIRMED,35.8656484,2.44,37.92,6078.0,q1_q17_dr25_tce,0.9601982274687862
K05274.01,,FALSE POSITIVE → CANDIDATE,55.7583803,1.59,19.6,5413.0,q1_q17_dr25_tce,0.6129577380225721
K05275.01,,FALSE POSITIVE → CANDIDATE,3.781123,1.16,962.72,6318.0,q1_q17_dr25_tce,0.6854847162649546
K03478.01,Kepler-1697 b,CANDIDATE → CONFIRMED,33.4969115,2.97,37.3,4928.0,q1_q17_dr25_tce,0.9352440898841894
K05035.01,,FALSE POSITIVE → CANDIDATE,115.23145073,,,,q1_q16_tce,0.0724358536327252
K05037.01,,FALSE POSITIVE → CANDIDATE,349.58811,134.79,787.87,3860.0,q1_q16_tce,0.15346092836964892
K05157.01,,CANDIDATE → FALSE POSITIVE,0.782068488,21.02,343029.57,4475.0,q1_q17_dr25_tce,0.2549183711039217
K05160.01,,FALSE POSITIVE → CANDIDATE,258.63797782,,,,q1_q16_tce,0.2775144249839465
K05162.01,,FALSE POSITIVE → CANDIDATE,628.15844,0.95,0.03,3697.0,q1_q16_tce,0.5783412335429956
K03494.01,Kepler-1926 b,CANDIDATE → CONFIRMED,42.8774169,2.67,9.8,5256.0,q1_q17_dr25_tce,0.9084460526963396
K05044.01,,FALSE POSITIVE → CANDIDATE,161.537665,1.37,6.04,6033.0,q1_q16_tce,0.4941900620821163
K05165.01,,FALSE POSITIVE → CANDIDATE,369.73011,1.66,1.34,6283.0,q1_q16_tce,0.12372122110102476
K05289.01,,FALSE POSITIVE → CANDIDATE,181.81214,2.04,2.6,6060.0,q1_q16_tce,0.6835515171110202
K05291.01,,FALSE POSITIVE → CANDIDATE,525.560452,12.74,3.92,4954.0,q1_q16_tce,0.1828617530024761
K04921.01,,FALSE POSITIVE → CANDIDATE,95.688682,28.41,283.07,5040.0,q1_q16_tce,0.29676703732839416
K05047.01,,CANDIDATE → FALSE POSITIVE,326.70552,2.83,1.61,6036.0,q1_q16_tce,0.5901802052082087
K05300.01,,FALSE POSITIVE → CANDIDATE,188.954072,2.46,11.36,6392.0,q1_q17_dr25_tce,0.5489151524905562
K04931.01,,FALSE POSITIVE → CANDIDATE,579.81521,2.71,0.53,5822.0,q1_q16_tce,0.5912704595566297
K04932.01,,FALSE POSITIVE → CANDIDATE,19.12788374,,,,q1_q16_tce,0.3288334221297001
K05179.01,,CANDIDATE → FALSE POSITIVE,1.049468616,0.84,14709.49,7479.0,q1_q17_dr25_tce,0.039159183646517264
K05308.01,,FALSE POSITIVE → CANDIDATE,9.942228056,22.15,70.93,5268.0,q1_q17_dr25_tce,0.0576858763069679
K04940.01,,FALSE POSITIVE → CANDIDATE,84.6405853,1.72,1.27,4386.0,q1_q16_tce,0.788391157959287
K04943.01,,FALSE POSITIVE → CANDIDATE,15.2024426,113.97,18026.22,3984.0,q1_q16_tce,0.11578864409193988
K05066.01,,FALSE POSITIVE → CANDIDATE,110.089267,2.4,2.54,5465.0,q1_q16_tce,0.1851363881543141
K05188.01,,FALSE POSITIVE → CANDIDATE,455.195496,2.09,1.67,6478.0,q1_q16_tce,0.5653319308287497
K05196.01,,FALSE POSITIVE → CANDIDATE,392.47291,5.46,9.04,6626.0,q1_q17_dr25_tce,0.12835850137412022
K05320.01,,FALSE POSITIVE → CANDIDATE,357.437578,3.13,7.53,7610.0,q1_q16_tce,0.2478300619170433
K05213.01,,FALSE POSITIVE → CANDIDATE,48.2455501,0.64,9.61,5441.0,q1_q16_tce,0.217608700435617
K05337.01,,FALSE POSITIVE → CANDIDATE,470.65357,2.99,0.75,6039.0,q1_q16_tce,0.4946005100835136
K04969.01,,FALSE POSITIVE → CANDIDATE,59.14382117,,,,q1_q16_tce,0.2348753219556969
K04975.01,,FALSE POSITIVE → CANDIDATE,47.0628978,4.1,12.9,5838.0,q1_q17_dr25_tce,0.91616187950117
K05220.01,,CANDIDATE → FALSE POSITIVE,1.534679933,18.39,38505.56,4965.0,q1_q17_dr25_tce,0.09198784533767948
K05222.01,,FALSE POSITIVE → CANDIDATE,367.6758,2.77,1.27,6140.0,q1_q16_tce,0.3198177932047837
K04981.01,,FALSE POSITIVE → CANDIDATE,349.73652,2.32,0.52,5310.0,q1_q16_tce,0.1955259779560513
K05226.01,,FALSE POSITIVE → CANDIDATE,249.35154,4.42,1.65,5780.0,q1_q16_tce,0.4454038543518463
K05227.01,,FALSE POSITIVE → CANDIDATE,371.56492,1.89,1.06,5735.0,q1_q16_tce,0.3714398935739053
K05229.01,,FALSE POSITIVE → CANDIDATE,364.63189,2.06,1.86,6446.0,q1_q16_tce,0.37906342699024526
K04987.01,,CANDIDATE → FALSE POSITIVE,12.5748872,1.03,3.49,3552.0,q1_q17_dr25_tce,0.6609745864378674
K04988.01,,CANDIDATE → FALSE POSITIVE,484.172005,2.38,0.72,5858.0,q1_q16_tce,0.4305782297239655
K05110.01,,FALSE POSITIVE → CANDIDATE,105.5904748,8.16,47.59,4869.0,q1_q17_dr25_tce,0.5513968961886642
K05236.01,,FALSE POSITIVE → CANDIDATE,550.86514,2.06,0.76,5912.0,q1_q17_dr25_tce,0.7209540629629712
K05001.01,,FALSE POSITIVE → CANDIDATE,59.9655175,1.92,12.67,5729.0,q1_q16_tce,0.4253385922287115
K05003.01,,FALSE POSITIVE → CANDIDATE,112.951287,15.19,88.86,5215.0,q1_q16_tce,0.38519807553689017
K05124.01,,FALSE POSITIVE → CANDIDATE,276.879492,11.67,1.08,5324.0,q1_q17_dr25_tce,0.6774768146136848
K05129.01,,CANDIDATE → FALSE POSITIVE,0.66882716,124.42,7165673.12,3711.0,q1_q17_dr25_tce,0.03284967403925543
K05130.01,,FALSE POSITIVE → CANDIDATE,370.05918,1.9,0.43,5228.0,q1_q16_tce,0.21580516990229653
K05006.01,,FALSE POSITIVE → CANDIDATE,126.51457638,,,,q1_q16_tce,0.29548822819181103
K05009.01,,FALSE POSITIVE → CANDIDATE,359.98653,1.76,0.38,5171.0,q1_q16_tce,0.24731327245267598
K05132.01,,CANDIDATE → FALSE POSITIVE,43.9311596,58.37,156.74,4888.0,q1_q17_dr25_tce,0.07153409519092863
K05134.01,,FALSE POSITIVE → CANDIDATE,573.23826,6.93,3.09,5172.0,q1_q16_tce,0.08654925549599037
K05262.01,,FALSE POSITIVE → CANDIDATE,438.98396,32.58,30.43,5053.0,q1_q16_tce,0.37101173207893395
K05016.01,,CANDIDATE → FALSE POSITIVE,0.523632451,1.08,188657.97,8277.0,q1_q17_dr25_tce,0.10274868654124614
K05264.01,,FALSE POSITIVE → CANDIDATE,52.69092296,,,,q1_q16_tce,0.37578576596516244
K05266.01,,FALSE POSITIVE → CANDIDATE,37.71508287,,,,q1_q16_tce,0.2707753304110462
K05267.01,,FALSE POSITIVE → CANDIDATE,5.1779065,2.93,1692.64,5921.0,q1_q17_dr25_tce,0.8925705828094177
K05268.01,,FALSE POSITIVE → CANDIDATE,474.22897,2.0,0.6,5818.0,q1_q16_tce,0.5214550678910207
K05022.01,,FALSE POSITIVE → CANDIDATE,117.26808432,,,,q1_q16_tce,0.29548822819181103
K05775.01,,FALSE POSITIVE → CANDIDATE,492.23808,2.19,0.45,5609.0,q1_q16_tce,0.3452616996070692
K05654.01,,FALSE POSITIVE → CANDIDATE,54.6957124,3.28,6.34,5299.0,q1_q17_dr25_tce,0.9376671688511713
K05407.01,,FALSE POSITIVE → CANDIDATE,58.5029431,1.54,33.01,6525.0,q1_q16_tce,0.32819304945436084
K05539.01,,FALSE POSITIVE → CANDIDATE,374.05697,2.34,0.45,5302.0,q1_q16_tce,0.5525228056981661
K05789.01,,FALSE POSITIVE → CANDIDATE,383.26217,1.57,0.4,5074.0,q1_q16_tce,0.5728841486398829
K05794.01,,FALSE POSITIVE → CANDIDATE,30.9771151,4.3,192.79,5197.0,q1_q16_tce,0.4835803979448839
K05422.01,,FALSE POSITIVE → CANDIDATE,360.64485255,,,,q1_q16_tce,0.36255252861124393
K05543.01,,CANDIDATE → FALSE POSITIVE,7.41505161,91.09,14853.21,4989.0,q1_q17_dr25_tce,0.13520056761233115
K05547.01,,FALSE POSITIVE → CANDIDATE,571.14302,2.22,0.46,5751.0,q1_q16_tce,0.46452773361219046
K05550.01,,FALSE POSITIVE → CANDIDATE,540.39267,3.63,0.42,5693.0,q1_q16_tce,0.6174691018175087
K05796.01,,FALSE POSITIVE → CANDIDATE,495.854189,2.41,0.67,5613.0,q1_q17_dr25_tce,0.5910704912062349
K05425.01,,FALSE POSITIVE → CANDIDATE,39.42516213,,,,q1_q16_tce,0.29283528336082676
K05681.01,,FALSE POSITIVE → CANDIDATE,77.51257,28199.3,57.44,5261.0,q1_q16_tce,0.3467065812249673
K05805.01,,FALSE POSITIVE → CANDIDATE,525.757041,11.07,4.52,5277.0,q1_q17_dr25_tce,0.5443378626305284
K05431.01,,FALSE POSITIVE → CANDIDATE,43.08410127,,,,q1_q16_tce,0.29018146569995784
K05434.01,,FALSE POSITIVE → CANDIDATE,581.87357,2.96,0.53,5897.0,q1_q16_tce,0.42516391808299936
K05437.01,,FALSE POSITIVE → CANDIDATE,213.63312404,,,,q1_q16_tce,0.1970830788998464
K05690.01,,FALSE POSITIVE → CANDIDATE,17.0497376,45.89,3566.8,5039.0,q1_q16_tce,0.30552390790833167
K05441.01,,CANDIDATE → FALSE POSITIVE,25.4805211,1.25,44.67,6250.0,q1_q17_dr25_tce,0.5456700447384674
K05446.01,,FALSE POSITIVE → CANDIDATE,416.9504,7.35,4.77,5751.0,q1_q16_tce,0.5353776076838427
K05698.01,,FALSE POSITIVE → CANDIDATE,282.029084,2.33,4.12,6886.0,q1_q16_tce,0.4396960584577365
K05449.01,,CANDIDATE → FALSE POSITIVE,0.762724045,41.02,2827.5,5313.0,q1_q17_dr25_tce,0.08237363769184734
K05580.01,,FALSE POSITIVE → CANDIDATE,173.219879,2.41,6.39,6007.0,q1_q16_tce,0.22266362607652024
K05708.01,,CANDIDATE → FALSE POSITIVE,7.863361238,22.7,294.86,5615.0,q1_q17_dr25_tce,0.24580681548165303
K05821.01,,FALSE POSITIVE → CANDIDATE,113.71363032,,,,q1_q16_tce,0.2332068034442072
K05455.01,,FALSE POSITIVE → CANDIDATE,292.09809,2.09,1.2,5955.0,q1_q16_tce,0.30528113391871414
K05457.01,,FALSE POSITIVE → CANDIDATE,578.21623,3.54,2.74,5166.0,q1_q16_tce,0.29740880499875577
K05588.01,,FALSE POSITIVE → CANDIDATE,542.91133,2.27,0.37,5583.0,q1_q16_tce,0.161054067795766
K05715.01,,FALSE POSITIVE → CANDIDATE,189.961729,1.93,1.08,5335.0,q1_q16_tce,0.6374847472712069
K05836.01,,FALSE POSITIVE → CANDIDATE,202.18722766,,,,q1_q16_tce,0.18726196461347785
K05467.01,,FALSE POSITIVE → CANDIDATE,502.8356901,,,,q1_q16_tce,0.26281696257325926
K05468.01,,FALSE POSITIVE → CANDIDATE,81.704814,1.65,9.04,6099.0,q1_q16_tce,0.47922153005494134
K05470.01,,FALSE POSITIVE → CANDIDATE,578.21805,2.44,0.59,6089.0,q1_q16_tce,0.25273164532358977
K05719.01,,FALSE POSITIVE → CANDIDATE,27.285315,2.19,49.97,6304.0,q1_q17_dr25_tce,0.8629271028870513
K05473.01,,FALSE POSITIVE → CANDIDATE,549.42772,2.64,0.58,5957.0,q1_q16_tce,0.3158277612638627
K05474.01,,FALSE POSITIVE → CANDIDATE,284.666844,8.98,13.14,5248.0,q1_q16_tce,0.23709615624083177
K05598.01,,FALSE POSITIVE → CANDIDATE,376.934014,2.13,1.33,6074.0,q1_q16_tce,0.40490735675288547
K05602.01,,FALSE POSITIVE → CANDIDATE,403.163148,2.49,0.79,5812.0,q1_q17_dr25_tce,0.5100214545920903
K05725.01,,FALSE POSITIVE → CANDIDATE,351.25069,2.23,0.28,4828.0,q1_q16_tce,0.33782117993640715
K05352.01,,FALSE POSITIVE → CANDIDATE,270.1430241,,,,q1_q16_tce,0.3625835457932485
K05353.01,,CANDIDATE → FALSE POSITIVE,0.812592362,25.84,16928.43,7117.0,q1_q17_dr25_tce,0.18138694404772224
K05609.01,,FALSE POSITIVE → CANDIDATE,535.1515,2.7,1.04,5468.0,q1_q16_tce,0.5850182828745081
K05610.01,,FALSE POSITIVE → CANDIDATE,495.40462,152.21,0.9,6225.0,q1_q16_tce,0.4495557644433058
K05361.01,,CANDIDATE → FALSE POSITIVE,22.0495604,1.9,163.51,6821.0,q1_q17_dr25_tce,0.8324188346569912
K05365.01,,FALSE POSITIVE → CANDIDATE,585.64118,2.2,0.43,5779.0,q1_q16_tce,0.2674671963188764
K05367.01,,FALSE POSITIVE → CANDIDATE,502.98283916,,,,q1_q16_tce,0.12145763514760605
K05616.01,,FALSE POSITIVE → CANDIDATE,441.61919,1.71,0.12,4351.0,q1_q16_tce,0.6348765534112354
K05618.01,,FALSE POSITIVE → CANDIDATE,318.49078,3.01,1.94,6026.0,q1_q16_tce,0.5117982433045992
K05741.01,,FALSE POSITIVE → CANDIDATE,362.0619,2.12,0.41,5271.0,q1_q16_tce,0.17141679951165575
K05745.01,,FALSE POSITIVE → CANDIDATE,11.374442708,22.86,52.84,5297.0,q1_q17_dr25_tce,0.048559873850484006
K05371.01,,FALSE POSITIVE → CANDIDATE,33.3037881,1.14,7.53,4899.0,q1_q17_dr25_tce,0.9057142683699646
K05752.01,,CANDIDATE → FALSE POSITIVE,1.391716834,36.19,1150147.99,3749.0,q1_q17_dr25_tce,0.33692630757436487
K05755.01,,FALSE POSITIVE → CANDIDATE,388.67155,1.49,0.46,5354.0,q1_q16_tce,0.4204670994097119
K05635.01,,FALSE POSITIVE → CANDIDATE,113.993156,2.23,66.64,7892.0,q1_q16_tce,0.8475186384048293
K05759.01,,FALSE POSITIVE → CANDIDATE,284.94212784,,,,q1_q16_tce,0.2342192106340807
K05764.01,,FALSE POSITIVE → CANDIDATE,286.02266,2.03,0.25,4368.0,q1_q16_tce,0.3598075011986352
K05385.01,,FALSE POSITIVE → CANDIDATE,331.70918,6815.75,0.56,5282.0,q1_q16_tce,0.07768501629652526
K05389.01,,FALSE POSITIVE → CANDIDATE,365.739893,1.73,0.8,5420.0,q1_q16_tce,0.1102307619835457
K05518.01,,FALSE POSITIVE → CANDIDATE,558.21886,3.1,0.36,5679.0,q1_q17_dr25_tce,0.770838359628191
K05643.01,,FALSE POSITIVE → CANDIDATE,570.01886,1.62,0.31,5496.0,q1_q16_tce,0.5046248822311024
K05644.01,,FALSE POSITIVE → CANDIDATE,378.93139106,,,,q1_q16_tce,0.34018821202291644
K05897.01,,FALSE POSITIVE → CANDIDATE,395.94327,2.53,0.21,4596.0,q1_q16_tce,0.6133439757600658
K05900.01,,FALSE POSITIVE → CANDIDATE,355.84731,1.68,3.71,6823.0,q1_q16_tce,0.26394803273429784
K05903.01,,FALSE POSITIVE → CANDIDATE,253.790434,2.06,0.97,5426.0,q1_q16_tce,0.5522571665630199
K05905.01,,FALSE POSITIVE → CANDIDATE,35.6606167,,,,q1_q16_tce,0.14740972708140046
K05907.01,,FALSE POSITIVE → CANDIDATE,587.38162,36.77,18.29,4784.0,q1_q16_tce,0.13145506803580034
K05910.01,,FALSE POSITIVE → CANDIDATE,91.240335,1.75,14.03,6493.0,q1_q16_tce,0.2812275231337597
K05912.01,,FALSE POSITIVE → CANDIDATE,359.854745,2.25,1.97,6495.0,q1_q16_tce,0.34065608223154187
K05915.01,,FALSE POSITIVE → CANDIDATE,37.6259039,1.81,17.13,5874.0,q1_q17_dr25_tce,0.9223816084624414
K05916.01,,FALSE POSITIVE → CANDIDATE,100.41475198,,,,q1_q16_tce,0.2949386365554508
K05919.01,,FALSE POSITIVE → CANDIDATE,290.196139,2.35,3.2,6238.0,q1_q17_dr25_tce,0.669155421375159
K05921.01,,FALSE POSITIVE → CANDIDATE,175.452812,3.96,28.77,6184.0,q1_q16_tce,0.46092044303441226
K05923.01,,FALSE POSITIVE → CANDIDATE,366.684634,10.75,9.18,5090.0,q1_q16_tce,0.5271973959218708
K05926.01,,FALSE POSITIVE → CANDIDATE,26.46288074,,,,q1_q16_tce,0.29711381873045994
K05930.01,,FALSE POSITIVE → CANDIDATE,302.77571,1.0,0.03,3358.0,q1_q16_tce,0.4985347658757124
K05931.01,,FALSE POSITIVE → CANDIDATE,115.19952922,,,,q1_q16_tce,0.26306950485084185
K05933.01,,FALSE POSITIVE → CANDIDATE,236.506437,10.37,12.54,5066.0,q1_q16_tce,0.48569119629353974
K05937.01,,FALSE POSITIVE → CANDIDATE,357.588538,3.53,7.38,7435.0,q1_q16_tce,0.490158770867123
K05940.01,,FALSE POSITIVE → CANDIDATE,24.7967294,3.14,19.62,5496.0,q1_q17_dr25_tce,0.8737874035411357
K05942.01,,FALSE POSITIVE → CANDIDATE,125.277815,15.75,96.53,5119.0,q1_q16_tce,0.5031375922594388
K05945.01,,FALSE POSITIVE → CANDIDATE,40.7282314,4.58,111.83,6531.0,q1_q16_tce,0.48672652623450574
K05946.01,,FALSE POSITIVE → CANDIDATE,183.38048452,,,,q1_q16_tce,0.2427154107618087
K05951.01,,FALSE POSITIVE → CANDIDATE,194.25835342,,,,q1_q16_tce,0.11146098076402007
K05955.01,,FALSE POSITIVE → CANDIDATE,96.32561456,,,,q1_q16_tce,0.1431961230538555
K05956.01,,FALSE POSITIVE → CANDIDATE,212.646179,3.19,2.5,6108.0,q1_q16_tce,0.1967495487385593
K05961.01,,FALSE POSITIVE → CANDIDATE,19.159760875,25.24,7.65,4492.0,q1_q17_dr25_tce,0.0413910468132032
K05846.01,,FALSE POSITIVE → CANDIDATE,199.064336,6.12,12.81,5157.0,q1_q17_dr25_tce,0.7604339008350589
K05847.01,,FALSE POSITIVE → CANDIDATE,277.114286,17.56,31.66,5117.0,q1_q16_tce,0.21507503306321846
K05848.01,,FALSE POSITIVE → CANDIDATE,323.159363,3.41,2.83,5251.0,q1_q16_tce,0.559974033851959
K05967.01,,FALSE POSITIVE → CANDIDATE,22.8631517,4.84,361.26,5043.0,q1_q16_tce,0.8528972916294674
K05972.01,,FALSE POSITIVE → CANDIDATE,449.87203,2.59,0.37,5310.0,q1_q16_tce,0.32019798710560254
K05973.01,,FALSE POSITIVE → CANDIDATE,419.93373,1.82,1.57,6686.0,q1_q16_tce,0.23317766045455623
K05851.01,,FALSE POSITIVE → CANDIDATE,322.221973,2.18,1.4,6026.0,q1_q16_tce,0.38484324247298296
K05853.01,,FALSE POSITIVE → CANDIDATE,366.68293,3.15,0.58,5217.0,q1_q16_tce,0.3335537341909831
K05857.01,,FALSE POSITIVE → CANDIDATE,388.03884851,,,,q1_q16_tce,0.27545269406699696
K05977.01,,FALSE POSITIVE → CANDIDATE,49.49059818,,,,q1_q16_tce,0.1932544863356721
K05978.01,,FALSE POSITIVE → CANDIDATE,364.18129,1.78,0.45,4988.0,q1_q16_tce,0.3981380822472488
K05859.01,,FALSE POSITIVE → CANDIDATE,172.621943,26.09,92.12,5119.0,q1_q16_tce,0.0570308593048125
K05860.01,,FALSE POSITIVE → CANDIDATE,264.708077,6.17,7.68,5283.0,q1_q16_tce,0.4210651985810064
K05864.01,,FALSE POSITIVE → CANDIDATE,35.9216912,1.38,11.38,5161.0,q1_q16_tce,0.5945521771575948
K05866.01,,FALSE POSITIVE → CANDIDATE,102.300622,35.36,221.33,4895.0,q1_q16_tce,0.6712535314968351
K05867.01,,FALSE POSITIVE → CANDIDATE,359.8455,14.76,16.01,4945.0,q1_q16_tce,0.3972668092710743
K05870.01,,FALSE POSITIVE → CANDIDATE,132.114,0.75,0.52,4342.0,q1_q16_tce,0.24561398098754933
K05872.01,,FALSE POSITIVE → CANDIDATE,46.16051579,,,,q1_q16_tce,0.21532737678735153
K05873.01,,FALSE POSITIVE → CANDIDATE,217.170081,109061.0,97.62,5083.0,q1_q16_tce,0.1537198641581763
K05876.01,,FALSE POSITIVE → CANDIDATE,189.456089,2.2,3.04,5991.0,q1_q16_tce,0.371148485023018
K05878.01,,FALSE POSITIVE → CANDIDATE,211.54114,1.88,0.94,5433.0,q1_q16_tce,0.2663415731005661
K05879.01,,FALSE POSITIVE → CANDIDATE,88.523517,1.6,0.45,3827.0,q1_q16_tce,0.5508932599558886
K05881.01,,FALSE POSITIVE → CANDIDATE,134.35872,1.27,14.61,6948.0,q1_q16_tce,0.605133915530418
K05882.01,,FALSE POSITIVE → CANDIDATE,55.01469183,,,,q1_q16_tce,0.3522290532209633
K05883.01,,FALSE POSITIVE → CANDIDATE,198.781156,1.69,6.33,6493.0,q1_q16_tce,0.6285719751423715
K05886.01,,FALSE POSITIVE → CANDIDATE,284.87177,1.84,6.1,6437.0,q1_q16_tce,0.4280928776571135
K05889.01,,FALSE POSITIVE → CANDIDATE,374.41813,2.42,1.44,6195.0,q1_q17_dr24_tce,0.3785244890091198
K05890.01,,FALSE POSITIVE → CANDIDATE,263.30198,2.19,2.11,5758.0,q1_q16_tce,0.32676774724344027
K05891.01,,FALSE POSITIVE → CANDIDATE,370.31761,2.98,0.26,4665.0,q1_q16_tce,0.2847963963502757
K05893.01,,FALSE POSITIVE → CANDIDATE,405.6296,1.4,0.52,5583.0,q1_q16_tce,0.27436645892357575
K05896.01,,FALSE POSITIVE → CANDIDATE,434.28175,1.94,0.48,5544.0,q1_q16_tce,0.5826485004393019
K06180.02,,FALSE POSITIVE → CANDIDATE,58.92565,1.5,101.17,7282.0,q1_q16_tce,0.6247652361272645
K03410.02,Kepler-1491 c,CANDIDATE → CONFIRMED,61.569765,2.44,18.66,5626.0,q1_q17_dr25_tce,0.9718339219829707
K03440.02,,FALSE POSITIVE → CANDIDATE,58.940569,2.48,11.06,5819.0,q1_q17_dr25_tce,0.8133545964411986
K03444.04,,FALSE POSITIVE → CANDIDATE,14.1502311,0.74,5.44,3705.0,q1_q17_dr25_tce,0.8632478082079876
K03503.02,Kepler-1703 c,CANDIDATE → CONFIRMED,31.8245304,0.8,28.37,6338.0,q1_q17_dr24_tce,0.7121479515108082
K04568.02,,FALSE POSITIVE → CANDIDATE,48.04066636,,,,q1_q16_tce,0.3173691898825229
K06097.01,,FALSE POSITIVE → CANDIDATE,93.05654364,,,,q1_q16_tce,0.26414144486984625
K06097.02,,FALSE POSITIVE → CANDIDATE,88.433122,1.7,29.68,7092.0,q1_q16_tce,0.274691386963262
K06097.03,,FALSE POSITIVE → CANDIDATE,282.34315,2.35,6.31,7092.0,q1_q16_tce,0.12887479159509302
K06188.01,,FALSE POSITIVE → CANDIDATE,1.645319649,2.46,666.35,5416.0,q1_q17_dr25_tce,0.7520766435539016
K04030.02,,FALSE POSITIVE → CANDIDATE,163.51489847,,,,q1_q16_tce,0.11456908445208974
K05987.01,,FALSE POSITIVE → CANDIDATE,5.288547653,55.28,6999.38,4918.0,q1_q17_dr25_tce,0.12928707911408474
K06097.04,,FALSE POSITIVE → CANDIDATE,126.505657,1.51,18.42,7092.0,q1_q16_tce,0.16242251466719712
K06195.01,,FALSE POSITIVE → CANDIDATE,1.444486083,1.73,290.01,4569.0,q1_q17_dr25_tce,0.8648134285371868
K04034.02,,FALSE POSITIVE → CANDIDATE,11.6089351,46.44,1184.51,6303.0,q1_q17_dr25_tce,0.25039086816786466
K06103.01,Kepler-1981 b,FALSE POSITIVE → CONFIRMED,453.54212,9.23,5.45,5874.0,q1_q17_dr25_tce,0.8825871128216836
K06104.01,,CANDIDATE → FALSE POSITIVE,16.2480865,2.38,58.1,5729.0,q1_q17_dr25_tce,0.9456469199752902
K01628.03,,FALSE POSITIVE → CANDIDATE,37.8404232,1.76,32.14,6243.0,q1_q17_dr25_tce,0.9641634988737708
K06118.01,,FALSE POSITIVE → CANDIDATE,571.280892,3.65,2.62,7081.0,q1_q16_tce,0.5914760198847341
K01250.02,,FALSE POSITIVE → CANDIDATE,1.213672208,697.14,2422.45,6113.0,q1_q16_tce,0.6351348480222894
K06214.02,,FALSE POSITIVE → CANDIDATE,154.536881,4.1,20.76,6049.0,q1_q16_tce,0.28905061754968336
K04396.04,,FALSE POSITIVE → CANDIDATE,437.51586139,,,,q1_q16_tce,0.23607409334838622
K04913.02,,FALSE POSITIVE → CANDIDATE,8.97377221,2.96,1294.96,6537.0,q1_q17_dr25_tce,0.8160418296255997
K06016.01,,CANDIDATE → FALSE POSITIVE,4.553370029,25.84,603.58,6306.0,q1_q17_dr25_tce,0.10519689569347401
K06127.01,,FALSE POSITIVE → CANDIDATE,114.27173902,,,,q1_q16_tce,0.20902548057783163
K06216.01,,FALSE POSITIVE → CANDIDATE,26.40805532,,,,q1_q16_tce,0.46065650289736876
K01860.04,,FALSE POSITIVE → CANDIDATE,24.8434837,1.58,35.97,5670.0,q1_q17_dr25_tce,0.9216194491410549
K06230.01,,CANDIDATE → FALSE POSITIVE,1.927177921,28.94,523.16,5193.0,q1_q17_dr25_tce,0.0024843389292505185
K02433.07,,FALSE POSITIVE → CANDIDATE,86.431871,2.85,10.97,6325.0,q1_q17_dr25_tce,0.9222805332186742
K00841.04,,FALSE POSITIVE → CANDIDATE,269.306232,24.0,0.72,5251.0,q1_q17_dr25_tce,0.12270179436402322
K06142.01,,FALSE POSITIVE → CANDIDATE,69.64679311,,,,q1_q16_tce,0.4038019600708102
K06142.02,,FALSE POSITIVE → CANDIDATE,111.65546,2121.0,26.58,6967.0,q1_q16_tce,0.41975130756835227
K06142.03,,FALSE POSITIVE → CANDIDATE,86.13201864,,,,q1_q16_tce,0.18770143130442615
K02012.02,Kepler-1052 c,CANDIDATE → CONFIRMED,180.921729,2.3,1.96,5818.0,q1_q17_dr25_tce,0.9191218212643028
K06237.02,,FALSE POSITIVE → CANDIDATE,47.14404783,,,,q1_q16_tce,0.5924864045620784
K06239.02,,FALSE POSITIVE → CANDIDATE,491.61516814,,,,q1_q16_tce,0.23863353071609417
K00841.05,,FALSE POSITIVE → CANDIDATE,499.47338,3.71,0.31,5251.0,q1_q17_dr25_tce,0.3931507363404252
K06245.01,,FALSE POSITIVE → CANDIDATE,144.102562,1.67,8.64,6528.0,q1_q16_tce,0.4355059245288592
K02086.04,,FALSE POSITIVE → CANDIDATE,335.56311,1.83,2.9,6200.0,q1_q16_tce,0.4746020321210028
K06250.01,,CANDIDATE → FALSE POSITIVE,1.853209359,32.99,4584.55,6384.0,q1_q17_dr25_tce,0.13255642363100847
K02183.03,,FALSE POSITIVE → CANDIDATE,150.381954,2.26,2.63,5569.0,q1_q17_dr25_tce,0.8107835133313226
K00945.03,,FALSE POSITIVE → CANDIDATE,66.789347,2.07,13.61,6297.0,q1_q17_dr25_tce,0.7636704969356408
K06068.01,,FALSE POSITIVE → CANDIDATE,6.150251376,100.03,6066.49,8914.0,q1_q17_dr25_tce,0.06610151215804422
K02281.02,,FALSE POSITIVE → CANDIDATE,455.27405,1.54,0.35,5178.0,q1_q16_tce,0.33573602780178435
K02393.02,Kepler-1834 c,CANDIDATE → CONFIRMED,0.766691517,1.22,1334.22,4821.0,q1_q17_dr25_tce,0.7436702562927937
K06168.01,,FALSE POSITIVE → CANDIDATE,131.258668,1.59,8.31,6443.0,q1_q16_tce,0.431463891128805
K06168.02,,FALSE POSITIVE → CANDIDATE,75.072964,1.09,17.51,6443.0,q1_q16_tce,0.47188436670400075
K00423.02,,FALSE POSITIVE → CANDIDATE,360.477635,11943.8,3.11,6266.0,q1_q16_tce,0.5570814610312167
K02871.03,,FALSE POSITIVE → CANDIDATE,18.0811429,0.75,39.18,5693.0,q1_q17_dr24_tce,0.5359579738931702
K06173.01,,FALSE POSITIVE → CANDIDATE,214.013044,1.54,5.89,6698.0,q1_q16_tce,0.5787599984821132
K06176.02,,FALSE POSITIVE → CANDIDATE,73.4567573,,,,q1_q16_tce,0.46912110369458737
K00129.02,,FALSE POSITIVE → CANDIDATE,143.21109362,,,,q1_q16_tce,0.2530348597544239
K00993.03,,FALSE POSITIVE → CANDIDATE,86.723653,1.43,5.5,5830.0,q1_q17_dr25_tce,0.7132325248888935
K06093.01,,FALSE POSITIVE → CANDIDATE,20.5736113,3.86,484.82,5440.0,q1_q17_dr25_tce,0.9432572263606285
K03184.02,Kepler-1972 c,FALSE POSITIVE → CONFIRMED,11.3220104,0.91,515.77,6003.0,,0.9150397649145657
K03207.01,,FALSE POSITIVE → CANDIDATE,0.954388314,2.27,31694.26,7056.0,q1_q17_dr25_tce,0.20242872639630743
K00351.07,Kepler-90 f,CANDIDATE → CONFIRMED,124.922516,3.37,6.45,5970.0,q1_q17_dr25_tce,0.9385483315692276
K01992.03,Kepler-347 d,FALSE POSITIVE → CONFIRMED,85.517344,3.04,12.75,5592.0,q1_q17_dr25_tce,0.9637353205028061
K03156.01,,CANDIDATE → FALSE POSITIVE,0.761119678,27.81,18660.94,6911.0,q1_q17_dr25_tce,0.43924887521694944
K06619.01,,CANDIDATE → FALSE POSITIVE,1.330333096,24.3,1691.25,5984.0,q1_q17_dr25_tce,0.16159753353745196
K06648.01,,CANDIDATE → FALSE POSITIVE,1.044408447,1.17,13421.48,7274.0,q1_q17_dr24_tce,0.11076541303222628
K07446.01,,CANDIDATE → FALSE POSITIVE,1.057335679,14.59,623.51,4664.0,q1_q17_dr25_tce,0.4498220562675108
K06657.01,,FALSE POSITIVE → CANDIDATE,1.6037058,1.54,9138.09,6400.0,q1_q17_dr25_tce,0.08137835877849865
K06919.01,,FALSE POSITIVE → CANDIDATE,8.7998722,1.09,26.18,4298.0,q1_q17_dr25_tce,0.8505697872094329
K07892.01,Kepler-457 d,CANDIDATE → CONFIRMED,10.692115,2.71,244.47,6474.0,q1_q17_dr25_tce,0.8605580666674322
K06664.01,,FALSE POSITIVE → CANDIDATE,14.7639145,0.93,37.74,5541.0,q1_q17_dr25_tce,0.9321357033383237
K07198.01,,CANDIDATE → FALSE POSITIVE,0.953299962,35.67,3850.25,6183.0,q1_q17_dr25_tce,0.099947082917955
K07331.01,,CANDIDATE → FALSE POSITIVE,0.84986054,67.45,6185.9,5164.0,q1_q17_dr25_tce,0.17953167053462352
K06941.01,,CANDIDATE → FALSE POSITIVE,1.92730001,45.99,1605.97,6057.0,q1_q17_dr25_tce,0.011920583724319906
K07879.01,,FALSE POSITIVE → CANDIDATE,128.208643,6.15,93.05,7128.0,q1_q17_dr25_tce,0.4487257820400487
K06698.01,,FALSE POSITIVE → CANDIDATE,5.22422449,,29.83,,q1_q17_dr25_tce,0.31461935504618166
K01110.02,,FALSE POSITIVE → CANDIDATE,3.71840884,0.84,464.19,5982.0,q1_q17_dr25_tce,0.8316265729390367
K06574.01,,CANDIDATE → FALSE POSITIVE,0.61810542,39.52,3735.52,5371.0,q1_q17_dr24_tce,0.049741101722356094
K06969.01,,CANDIDATE → FALSE POSITIVE,1.790518325,32.19,2761.65,6586.0,q1_q17_dr25_tce,0.05768583560998429
K07368.01,Kepler-1974 b,CANDIDATE → CONFIRMED,6.842939,,99.24,,q1_q17_dr25_tce,0.17431100547555217
K07112.01,,CANDIDATE → FALSE POSITIVE,0.78430061,1.14,1416.91,5176.0,q1_q17_dr25_tce,0.03344905477585662
K07378.01,Kepler-1999 b,CANDIDATE → CONFIRMED,8.7396758,3.29,26.17,4406.0,q1_q17_dr25_tce,0.8389850883184666
K06343.01,,FALSE POSITIVE → CANDIDATE,569.45051,1.96,0.61,6117.0,q1_q17_dr25_tce,0.39606470648610964
K07131.01,,CANDIDATE → FALSE POSITIVE,2.243569483,21.11,817.05,6081.0,q1_q17_dr25_tce,0.11564175230138062
K06346.01,,CANDIDATE → FALSE POSITIVE,2.9590637,0.65,1415.74,6192.0,q1_q17_dr24_tce,0.12614401224595348
K06751.01,,FALSE POSITIVE → CANDIDATE,24.996068,2.4,31.43,5761.0,q1_q17_dr25_tce,0.9106837940641932
K07410.01,,CANDIDATE → FALSE POSITIVE,1.260575815,29.91,935.7,5388.0,q1_q17_dr25_tce,0.13688897634252037
K07411.01,,CANDIDATE → FALSE POSITIVE,1.88912273,0.59,573.44,5413.0,q1_q17_dr25_tce,0.03657619661613425
K06361.01,,CANDIDATE → FALSE POSITIVE,1.529283907,2.26,9998.13,6438.0,q1_q17_dr25_tce,0.2652722864829167
K06464.03,,FALSE POSITIVE → CANDIDATE,541.742985,3.39,0.9,6373.0,q1_q17_dr25_tce,0.8632973251646692
K07599.01,,CANDIDATE → FALSE POSITIVE,293.70696,6140.44,1.34,6054.0,q1_q17_dr24_tce,0.052938822018473726
K07100.01,,CANDIDATE → FALSE POSITIVE,0.824851807,78.0,9801.46,5658.0,q1_q17_dr25_tce,0.042771713475515685
K00365.02,,FALSE POSITIVE → CANDIDATE,117.761,0.62,3.06,5564.0,q1_q16_tce,0.5710357063375368
K07005.01,,CANDIDATE → FALSE POSITIVE,6.2089181,9.2,853.5,5548.0,q1_q17_dr24_tce,0.8613262392084529
K07332.01,,CANDIDATE → FALSE POSITIVE,0.933728196,0.85,3826.49,6170.0,q1_q17_dr25_tce,0.29992358067824676
K07264.01,,FALSE POSITIVE → CANDIDATE,19.1644498,1.83,225.26,5877.0,q1_q17_dr25_tce,0.9403309473695769
K05834.01,,FALSE POSITIVE → CANDIDATE,37.537859,1.77,27.38,6095.0,q1_q17_dr25_tce,0.8822831903621144
K07093.01,,FALSE POSITIVE → CANDIDATE,97.991569,1.41,11.21,6499.0,q1_q17_dr25_tce,0.7521836476700429
K06715.01,,CANDIDATE → FALSE POSITIVE,0.687772143,46.27,4569.67,5885.0,q1_q17_dr25_tce,0.02030035357118605
K07415.01,,FALSE POSITIVE → CANDIDATE,1.291964282,10.97,572.64,4995.0,q1_q17_dr25_tce,0.8987241105013872
K07484.01,,FALSE POSITIVE → CANDIDATE,37.0200232,2.14,15.66,5685.0,q1_q17_dr25_tce,0.48383594568066035
K04380.01,,CANDIDATE → FALSE POSITIVE,5.78159956,1.7,1117.19,6443.0,q1_q17_dr25_tce,0.421141785501973
K05502.01,,FALSE POSITIVE → CANDIDATE,421.98194,2.02,2.96,6760.0,q1_q16_tce,0.18082058128169684
K04668.01,,CANDIDATE → FALSE POSITIVE,15.07277287,1.73,38.57,5521.0,q1_q17_dr25_tce,0.9360203431909153
K05388.01,,FALSE POSITIVE → CANDIDATE,137.396194,3.38,16.87,5425.0,q1_q17_dr25_tce,0.6712949359953663
K05520.01,,CANDIDATE → FALSE POSITIVE,199.4424134,56.11,3.32,5869.0,q1_q16_tce,0.0578688203469537
K06949.01,,FALSE POSITIVE → CANDIDATE,2.352446342,1.24,5269.29,6749.0,q1_q17_dr25_tce,0.46509899254451165
K05150.01,,CANDIDATE → FALSE POSITIVE,26.524553,2.19,55.06,4995.0,q1_q17_dr25_tce,0.9169878286335551
K05898.01,,FALSE POSITIVE → CANDIDATE,76.37924,1.73,6.41,5451.0,q1_q16_tce,0.28600397909298014
K06630.01,,CANDIDATE → FALSE POSITIVE,34.6506368,12.35,476.15,6681.0,q1_q17_dr25_tce,0.6973075541210649
K05875.02,,FALSE POSITIVE → CANDIDATE,4.2742605,1.88,730.69,6477.0,q1_q17_dr25_tce,0.828899962736911
K07594.01,,CANDIDATE → FALSE POSITIVE,2.08802799,1.93,3806.17,6593.0,q1_q17_dr24_tce,0.16411874590918696
K07913.01,Kepler-1975 b,FALSE POSITIVE → CONFIRMED,24.2783801,2.03,8.27,4450.0,q1_q17_dr25_tce,0.897062961963151
K03554.01,,CANDIDATE → FALSE POSITIVE,394.67816267,52.16,0.72,5780.0,q1_q17_dr25_tce,0.0017003612129559162
K05979.01,,FALSE POSITIVE → CANDIDATE,37.7935113,0.89,29.06,6178.0,q1_q16_tce,0.5542516154147292
K07045.01,,CANDIDATE → FALSE POSITIVE,0.76757669,34.23,1294.42,5182.0,q1_q17_dr25_tce,0.002057386058885901
K05934.01,,FALSE POSITIVE → CANDIDATE,19.3854894,6.13,37.73,5432.0,q1_q17_dr24_tce,0.3710734992181366
K05323.01,,CANDIDATE → FALSE POSITIVE,7.155547398,48.93,4166.27,4992.0,q1_q17_dr25_tce,0.11398205161939849
K05871.01,,FALSE POSITIVE → CANDIDATE,623.2344,2.04,0.35,5600.0,q1_q16_tce,0.6903737364693873
K06085.01,,FALSE POSITIVE → CANDIDATE,5.902596818,25.8,376.53,6184.0,q1_q17_dr25_tce,0.11660271506377191
K05219.01,,FALSE POSITIVE → CANDIDATE,27.765596,1.2,31.66,5897.0,q1_q17_dr25_tce,0.32418638913135456
K01608.03,Kepler-311 d,CANDIDATE → CONFIRMED,232.040326,2.05,2.71,5903.0,q1_q17_dr25_tce,0.7090789653393399
K06156.01,,CANDIDATE → FALSE POSITIVE,1.608363345,19.36,390.1,5022.0,q1_q17_dr25_tce,0.18545637601640472
K02860.01,Kepler-1883 b,CANDIDATE → CONFIRMED,103.4269873,3.16,7.08,6208.0,q1_q17_dr25_tce,0.9593476377883978
K06100.02,,FALSE POSITIVE → CANDIDATE,117.684591,1.52,10.46,6362.0,q1_q16_tce,0.3778417098014225
K06906.01,,CANDIDATE → FALSE POSITIVE,1.74336627,140.49,4006.15,6640.0,q1_q17_dr24_tce,0.1673221495026856
K01319.02,,FALSE POSITIVE → CANDIDATE,142.685885,2.76,2.43,5767.0,q1_q16_tce,0.8475410927613702
K02768.03,,CANDIDATE → FALSE POSITIVE,11.83271013,1.17,66.51,5639.0,q1_q17_dr25_tce,0.8322280934290212
K05536.01,,FALSE POSITIVE → CANDIDATE,392.72811,1.85,0.62,5701.0,q1_q16_tce,0.18052334278903895
K03907.01,,CANDIDATE → FALSE POSITIVE,28.64338839,5.82,136.32,6507.0,q1_q17_dr25_tce,0.8775454063535204
K08217.01,,FALSE POSITIVE → CANDIDATE,277.25118,5.02,2.02,6046.0,q1_q17_dr25_tce,0.4589541201509978
K02241.01,Kepler-1812 b,CANDIDATE → CONFIRMED,7.16520428,2.31,270.34,6174.0,q1_q17_dr25_tce,0.9570642102309753
K08221.01,,FALSE POSITIVE → CANDIDATE,293.38641,1.35,3.43,6392.0,q1_q17_dr25_tce,0.450164203740967
K07988.01,,FALSE POSITIVE → CANDIDATE,333.486169,19.3,22.68,4989.0,q1_q17_dr25_tce,0.26248655427737333
K02802.01,Kepler-1691 b,CANDIDATE → CONFIRMED,3.84822189,1.72,641.53,5927.0,q1_q17_dr25_tce,0.9117542416589535
K02890.01,Kepler-1884 b,CANDIDATE → CONFIRMED,8.98826122,1.39,131.92,5984.0,q1_q17_dr25_tce,0.8799378687701455
K08061.01,,CANDIDATE → FALSE POSITIVE,0.719741,0.57,4398.76,6014.0,q1_q17_dr25_tce,0.0498789676196873
K02597.03,Kepler-394 d,CANDIDATE → CONFIRMED,5.61357653,1.41,435.61,6398.0,q1_q17_dr25_tce,0.8708566887998759
K01751.02,Kepler-949 c,FALSE POSITIVE → CONFIRMED,20.99757968,2.97,27.2,5211.0,q1_q17_dr25_tce,0.9875950006830637
K01175.02,Kepler-784 c,CANDIDATE → CONFIRMED,17.157236,1.55,119.87,5676.0,q1_q17_dr25_tce,0.9432620895073437
K02687.02,Kepler-1869 b,CANDIDATE → CONFIRMED,8.16733851,1.03,132.43,5808.0,q1_q17_dr25_tce,0.8700105832263653
K02716.02,Kepler-1322 c,CANDIDATE → CONFIRMED,6.46004728,1.8,144.06,5704.0,q1_q17_dr25_tce,0.9558253903420163
K08117.01,,FALSE POSITIVE → CANDIDATE,0.933745798,3.45,4570.22,6367.0,q1_q17_dr25_tce,0.0434033346557416
K03226.01,,CANDIDATE → FALSE POSITIVE,4.29388808,1.68,1302.16,6615.0,q1_q17_dr25_tce,0.7821384481505005
K07973.01,,FALSE POSITIVE → CANDIDATE,1.33199285,,,,q1_q17_dr25_tce,0.15644931385559774
K08297.01,,FALSE POSITIVE → CANDIDATE,229.957537,43.78,9.22,6419.0,q1_q17_dr25_tce,0.3788286233020645
K00929.02,Kepler-730 c,CANDIDATE → CONFIRMED,2.85188338,1.23,903.77,6123.0,q1_q17_dr25_tce,0.6844514167915164
K03741.04,Kepler-1518 c,FALSE POSITIVE → CONFIRMED,9.6310258,2.9,338.33,6432.0,q1_q17_dr25_tce,0.9328589768077966
K03191.02,,CANDIDATE → FALSE POSITIVE,371.17573,4.07,32.64,9030.0,q1_q17_dr25_tce,0.0456400928966082
K03761.01,,FALSE POSITIVE → CANDIDATE,164.950399,11.23,0.95,5001.0,q1_q17_dr25_tce,0.10058785207281823
K03875.01,,CANDIDATE → FALSE POSITIVE,8.870415578,39.46,414.26,6022.0,q1_q17_dr25_tce,0.31193985965050314
